file,line,type,commit,author,date,time,timezone,datetime,depth,length
style.css,1,css,717630fe,alkane7,2025-04-16,21:04:59,-07:00,2025-04-16T21:04:59-07:00,0,4
style.css,2,css,717630fe,alkane7,2025-04-16,21:04:59,-07:00,2025-04-16T21:04:59-07:00,1,23
style.css,3,css,717630fe,alkane7,2025-04-16,21:04:59,-07:00,2025-04-16T21:04:59-07:00,0,0
style.css,4,css,5d2ff693,alkane7,2025-04-08,14:30:44,-07:00,2025-04-08T14:30:44-07:00,0,5
style.css,5,css,2a0b7217,alkane7,2025-04-09,14:42:55,-07:00,2025-04-09T14:42:55-07:00,1,35
style.css,6,css,5d2ff693,alkane7,2025-04-08,14:30:44,-07:00,2025-04-08T14:30:44-07:00,1,32
style.css,7,css,5d2ff693,alkane7,2025-04-08,14:30:44,-07:00,2025-04-08T14:30:44-07:00,0,0
style.css,8,css,717630fe,alkane7,2025-04-16,21:04:59,-07:00,2025-04-16T21:04:59-07:00,0,0
style.css,9,css,717630fe,alkane7,2025-04-16,21:04:59,-07:00,2025-04-16T21:04:59-07:00,0,0
style.css,10,css,2a0b7217,alkane7,2025-04-09,14:42:55,-07:00,2025-04-09T14:42:55-07:00,0,2
style.css,11,css,2a0b7217,alkane7,2025-04-09,14:42:55,-07:00,2025-04-09T14:42:55-07:00,1,14
style.css,12,css,2a0b7217,alkane7,2025-04-09,14:42:55,-07:00,2025-04-09T14:42:55-07:00,0,0
style.css,13,css,2a0b7217,alkane7,2025-04-09,14:42:55,-07:00,2025-04-09T14:42:55-07:00,0,0
style.css,14,css,2a0b7217,alkane7,2025-04-09,14:42:55,-07:00,2025-04-09T14:42:55-07:00,0,22
style.css,15,css,2a0b7217,alkane7,2025-04-09,14:42:55,-07:00,2025-04-09T14:42:55-07:00,1,15
style.css,16,css,2a0b7217,alkane7,2025-04-09,14:42:55,-07:00,2025-04-09T14:42:55-07:00,1,17
style.css,17,css,2a0b7217,alkane7,2025-04-09,14:42:55,-07:00,2025-04-09T14:42:55-07:00,1,22
style.css,18,css,2a0b7217,alkane7,2025-04-09,14:42:55,-07:00,2025-04-09T14:42:55-07:00,0,0
style.css,19,css,2a0b7217,alkane7,2025-04-09,14:42:55,-07:00,2025-04-09T14:42:55-07:00,0,0
style.css,20,css,5d2ff693,alkane7,2025-04-08,14:30:44,-07:00,2025-04-08T14:30:44-07:00,0,0
style.css,21,css,31d1be56,alkane7,2025-04-03,14:34:14,-07:00,2025-04-03T14:34:14-07:00,0,4
style.css,22,css,36640066,alkane7,2025-04-07,22:23:40,-07:00,2025-04-07T22:23:40-07:00,1,23
style.css,23,css,36640066,alkane7,2025-04-07,22:23:40,-07:00,2025-04-07T22:23:40-07:00,1,15
style.css,24,css,36640066,alkane7,2025-04-07,22:23:40,-07:00,2025-04-07T22:23:40-07:00,1,18
style.css,25,css,36640066,alkane7,2025-04-07,22:23:40,-07:00,2025-04-07T22:23:40-07:00,1,19
style.css,26,css,4985d69c,alkane7,2025-04-04,00:22:13,-07:00,2025-04-04T00:22:13-07:00,0,0
style.css,27,css,4985d69c,alkane7,2025-04-04,00:22:13,-07:00,2025-04-04T00:22:13-07:00,0,0
style.css,28,css,717630fe,alkane7,2025-04-16,21:04:59,-07:00,2025-04-16T21:04:59-07:00,0,3
style.css,29,css,717630fe,alkane7,2025-04-16,21:04:59,-07:00,2025-04-16T21:04:59-07:00,1,12
style.css,30,css,717630fe,alkane7,2025-04-16,21:04:59,-07:00,2025-04-16T21:04:59-07:00,1,15
style.css,31,css,717630fe,alkane7,2025-04-16,21:04:59,-07:00,2025-04-16T21:04:59-07:00,1,9
style.css,32,css,717630fe,alkane7,2025-04-16,21:04:59,-07:00,2025-04-16T21:04:59-07:00,1,19
style.css,33,css,717630fe,alkane7,2025-04-16,21:04:59,-07:00,2025-04-16T21:04:59-07:00,1,39
style.css,34,css,717630fe,alkane7,2025-04-16,21:04:59,-07:00,2025-04-16T21:04:59-07:00,1,43
style.css,35,css,717630fe,alkane7,2025-04-16,21:04:59,-07:00,2025-04-16T21:04:59-07:00,0,0
style.css,36,css,717630fe,alkane7,2025-04-16,21:04:59,-07:00,2025-04-16T21:04:59-07:00,0,0
style.css,37,css,717630fe,alkane7,2025-04-16,21:04:59,-07:00,2025-04-16T21:04:59-07:00,0,5
style.css,38,css,717630fe,alkane7,2025-04-16,21:04:59,-07:00,2025-04-16T21:04:59-07:00,1,6
style.css,39,css,717630fe,alkane7,2025-04-16,21:04:59,-07:00,2025-04-16T21:04:59-07:00,1,17
style.css,40,css,717630fe,alkane7,2025-04-16,21:04:59,-07:00,2025-04-16T21:04:59-07:00,1,13
style.css,41,css,717630fe,alkane7,2025-04-16,21:04:59,-07:00,2025-04-16T21:04:59-07:00,1,20
style.css,42,css,717630fe,alkane7,2025-04-16,21:04:59,-07:00,2025-04-16T21:04:59-07:00,1,13
style.css,43,css,717630fe,alkane7,2025-04-16,21:04:59,-07:00,2025-04-16T21:04:59-07:00,1,24
style.css,44,css,717630fe,alkane7,2025-04-16,21:04:59,-07:00,2025-04-16T21:04:59-07:00,1,17
style.css,45,css,717630fe,alkane7,2025-04-16,21:04:59,-07:00,2025-04-16T21:04:59-07:00,1,18
style.css,46,css,717630fe,alkane7,2025-04-16,21:04:59,-07:00,2025-04-16T21:04:59-07:00,0,0
style.css,47,css,717630fe,alkane7,2025-04-16,21:04:59,-07:00,2025-04-16T21:04:59-07:00,0,0
style.css,48,css,717630fe,alkane7,2025-04-16,21:04:59,-07:00,2025-04-16T21:04:59-07:00,0,0
style.css,49,css,717630fe,alkane7,2025-04-16,21:04:59,-07:00,2025-04-16T21:04:59-07:00,0,13
style.css,50,css,717630fe,alkane7,2025-04-16,21:04:59,-07:00,2025-04-16T21:04:59-07:00,1,16
style.css,51,css,717630fe,alkane7,2025-04-16,21:04:59,-07:00,2025-04-16T21:04:59-07:00,1,45
style.css,52,css,717630fe,alkane7,2025-04-16,21:04:59,-07:00,2025-04-16T21:04:59-07:00,1,20
style.css,53,css,717630fe,alkane7,2025-04-16,21:04:59,-07:00,2025-04-16T21:04:59-07:00,0,0
style.css,54,css,717630fe,alkane7,2025-04-16,21:04:59,-07:00,2025-04-16T21:04:59-07:00,0,0
style.css,55,css,717630fe,alkane7,2025-04-16,21:04:59,-07:00,2025-04-16T21:04:59-07:00,0,0
style.css,56,css,717630fe,alkane7,2025-04-16,21:04:59,-07:00,2025-04-16T21:04:59-07:00,0,11
style.css,57,css,717630fe,alkane7,2025-04-16,21:04:59,-07:00,2025-04-16T21:04:59-07:00,1,69
style.css,58,css,717630fe,alkane7,2025-04-16,21:04:59,-07:00,2025-04-16T21:04:59-07:00,1,45
style.css,59,css,717630fe,alkane7,2025-04-16,21:04:59,-07:00,2025-04-16T21:04:59-07:00,1,20
style.css,60,css,717630fe,alkane7,2025-04-16,21:04:59,-07:00,2025-04-16T21:04:59-07:00,0,0
style.css,61,css,717630fe,alkane7,2025-04-16,21:04:59,-07:00,2025-04-16T21:04:59-07:00,0,0
style.css,62,css,717630fe,alkane7,2025-04-16,21:04:59,-07:00,2025-04-16T21:04:59-07:00,0,0
style.css,63,css,717630fe,alkane7,2025-04-16,21:04:59,-07:00,2025-04-16T21:04:59-07:00,0,19
style.css,64,css,717630fe,alkane7,2025-04-16,21:04:59,-07:00,2025-04-16T21:04:59-07:00,1,35
style.css,65,css,717630fe,alkane7,2025-04-16,21:04:59,-07:00,2025-04-16T21:04:59-07:00,0,0
style.css,66,css,717630fe,alkane7,2025-04-16,21:04:59,-07:00,2025-04-16T21:04:59-07:00,0,0
style.css,67,css,717630fe,alkane7,2025-04-16,21:04:59,-07:00,2025-04-16T21:04:59-07:00,0,25
style.css,68,css,717630fe,alkane7,2025-04-16,21:04:59,-07:00,2025-04-16T21:04:59-07:00,1,45
style.css,69,css,717630fe,alkane7,2025-04-16,21:04:59,-07:00,2025-04-16T21:04:59-07:00,0,0
style.css,70,css,717630fe,alkane7,2025-04-16,21:04:59,-07:00,2025-04-16T21:04:59-07:00,0,0
style.css,71,css,717630fe,alkane7,2025-04-16,21:04:59,-07:00,2025-04-16T21:04:59-07:00,0,13
style.css,72,css,717630fe,alkane7,2025-04-16,21:04:59,-07:00,2025-04-16T21:04:59-07:00,1,17
style.css,73,css,717630fe,alkane7,2025-04-16,21:04:59,-07:00,2025-04-16T21:04:59-07:00,1,8
style.css,74,css,717630fe,alkane7,2025-04-16,21:04:59,-07:00,2025-04-16T21:04:59-07:00,1,10
style.css,75,css,717630fe,alkane7,2025-04-16,21:04:59,-07:00,2025-04-16T21:04:59-07:00,1,13
style.css,76,css,717630fe,alkane7,2025-04-16,21:04:59,-07:00,2025-04-16T21:04:59-07:00,1,19
style.css,77,css,717630fe,alkane7,2025-04-16,21:04:59,-07:00,2025-04-16T21:04:59-07:00,0,0
style.css,78,css,717630fe,alkane7,2025-04-16,21:04:59,-07:00,2025-04-16T21:04:59-07:00,0,0
style.css,79,css,2a0b7217,alkane7,2025-04-09,14:42:55,-07:00,2025-04-09T14:42:55-07:00,0,0
style.css,80,css,f27b4241,alkane7,2025-04-09,10:17:34,-07:00,2025-04-09T10:17:34-07:00,0,4
style.css,81,css,f27b4241,alkane7,2025-04-09,10:17:34,-07:00,2025-04-09T10:17:34-07:00,0,7
style.css,82,css,f27b4241,alkane7,2025-04-09,10:17:34,-07:00,2025-04-09T10:17:34-07:00,0,6
style.css,83,css,f27b4241,alkane7,2025-04-09,10:17:34,-07:00,2025-04-09T10:17:34-07:00,1,12
style.css,84,css,2a0b7217,alkane7,2025-04-09,14:42:55,-07:00,2025-04-09T14:42:55-07:00,1,10
style.css,85,css,f27b4241,alkane7,2025-04-09,10:17:34,-07:00,2025-04-09T10:17:34-07:00,0,0
style.css,86,css,f27b4241,alkane7,2025-04-09,10:17:34,-07:00,2025-04-09T10:17:34-07:00,0,0
style.css,87,css,69b80818,alkane7,2025-04-09,14:33:02,-07:00,2025-04-09T14:33:02-07:00,0,4
style.css,88,css,69b80818,alkane7,2025-04-09,14:33:02,-07:00,2025-04-09T14:33:02-07:00,1,12
style.css,89,css,2a0b7217,alkane7,2025-04-09,14:42:55,-07:00,2025-04-09T14:42:55-07:00,1,37
style.css,90,css,2a0b7217,alkane7,2025-04-09,14:42:55,-07:00,2025-04-09T14:42:55-07:00,1,13
style.css,91,css,341d92ca,alkane7,2025-04-09,14:38:08,-07:00,2025-04-09T14:38:08-07:00,0,0
style.css,92,css,341d92ca,alkane7,2025-04-09,14:38:08,-07:00,2025-04-09T14:38:08-07:00,0,0
style.css,93,css,2a0b7217,alkane7,2025-04-09,14:42:55,-07:00,2025-04-09T14:42:55-07:00,0,9
style.css,94,css,2a0b7217,alkane7,2025-04-09,14:42:55,-07:00,2025-04-09T14:42:55-07:00,0,11
style.css,95,css,2a0b7217,alkane7,2025-04-09,14:42:55,-07:00,2025-04-09T14:42:55-07:00,1,18
style.css,96,css,341d92ca,alkane7,2025-04-09,14:38:08,-07:00,2025-04-09T14:38:08-07:00,1,12
style.css,97,css,341d92ca,alkane7,2025-04-09,14:38:08,-07:00,2025-04-09T14:38:08-07:00,1,29
style.css,98,css,69b80818,alkane7,2025-04-09,14:33:02,-07:00,2025-04-09T14:33:02-07:00,1,18
style.css,99,css,7c27c346,alkane7,2025-04-09,10:22:08,-07:00,2025-04-09T10:22:08-07:00,0,0
style.css,100,css,7c27c346,alkane7,2025-04-09,10:22:08,-07:00,2025-04-09T10:22:08-07:00,0,0
style.css,101,css,341d92ca,alkane7,2025-04-09,14:38:08,-07:00,2025-04-09T14:38:08-07:00,0,11
style.css,102,css,2a0b7217,alkane7,2025-04-09,14:42:55,-07:00,2025-04-09T14:42:55-07:00,1,14
style.css,103,css,2a0b7217,alkane7,2025-04-09,14:42:55,-07:00,2025-04-09T14:42:55-07:00,1,17
style.css,104,css,2a0b7217,alkane7,2025-04-09,14:42:55,-07:00,2025-04-09T14:42:55-07:00,1,12
style.css,105,css,2a0b7217,alkane7,2025-04-09,14:42:55,-07:00,2025-04-09T14:42:55-07:00,1,22
style.css,106,css,2a0b7217,alkane7,2025-04-09,14:42:55,-07:00,2025-04-09T14:42:55-07:00,1,18
style.css,107,css,ec2a10d2,alkane7,2025-04-18,19:54:45,-07:00,2025-04-18T19:54:45-07:00,0,0
style.css,108,css,ec2a10d2,alkane7,2025-04-18,19:54:45,-07:00,2025-04-18T19:54:45-07:00,1,69
style.css,109,css,ec2a10d2,alkane7,2025-04-18,19:54:45,-07:00,2025-04-18T19:54:45-07:00,1,11
style.css,110,css,ec2a10d2,alkane7,2025-04-18,19:54:45,-07:00,2025-04-18T19:54:45-07:00,1,19
style.css,111,css,ec2a10d2,alkane7,2025-04-18,19:54:45,-07:00,2025-04-18T19:54:45-07:00,1,37
style.css,112,css,2a0b7217,alkane7,2025-04-09,14:42:55,-07:00,2025-04-09T14:42:55-07:00,0,0
style.css,113,css,2a0b7217,alkane7,2025-04-09,14:42:55,-07:00,2025-04-09T14:42:55-07:00,0,0
style.css,114,css,ec2a10d2,alkane7,2025-04-18,19:54:45,-07:00,2025-04-18T19:54:45-07:00,0,0
style.css,115,css,2a0b7217,alkane7,2025-04-09,14:42:55,-07:00,2025-04-09T14:42:55-07:00,0,9
style.css,116,css,2a0b7217,alkane7,2025-04-09,14:42:55,-07:00,2025-04-09T14:42:55-07:00,1,12
style.css,117,css,2a0b7217,alkane7,2025-04-09,14:42:55,-07:00,2025-04-09T14:42:55-07:00,1,58
style.css,118,css,2a0b7217,alkane7,2025-04-09,14:42:55,-07:00,2025-04-09T14:42:55-07:00,1,23
style.css,119,css,2a0b7217,alkane7,2025-04-09,14:42:55,-07:00,2025-04-09T14:42:55-07:00,1,9
style.css,120,css,341d92ca,alkane7,2025-04-09,14:38:08,-07:00,2025-04-09T14:38:08-07:00,0,0
style.css,121,css,341d92ca,alkane7,2025-04-09,14:38:08,-07:00,2025-04-09T14:38:08-07:00,0,0
style.css,122,css,341d92ca,alkane7,2025-04-09,14:38:08,-07:00,2025-04-09T14:38:08-07:00,0,0
style.css,123,css,2a0b7217,alkane7,2025-04-09,14:42:55,-07:00,2025-04-09T14:42:55-07:00,0,17
style.css,124,css,f5840648,alkane7,2025-05-02,15:07:22,-07:00,2025-05-02T15:07:22-07:00,1,15
style.css,125,css,2a0b7217,alkane7,2025-04-09,14:42:55,-07:00,2025-04-09T14:42:55-07:00,1,26
style.css,126,css,f5840648,alkane7,2025-05-02,15:07:22,-07:00,2025-05-02T15:07:22-07:00,1,18
style.css,127,css,f5840648,alkane7,2025-05-02,15:07:22,-07:00,2025-05-02T15:07:22-07:00,1,12
style.css,128,css,f5840648,alkane7,2025-05-02,15:07:22,-07:00,2025-05-02T15:07:22-07:00,1,38
style.css,129,css,5b88216a,alkane7,2025-04-16,21:08:54,-07:00,2025-04-16T21:08:54-07:00,1,63
style.css,130,css,2a0b7217,alkane7,2025-04-09,14:42:55,-07:00,2025-04-09T14:42:55-07:00,1,11
style.css,131,css,2a0b7217,alkane7,2025-04-09,14:42:55,-07:00,2025-04-09T14:42:55-07:00,1,19
style.css,132,css,2a0b7217,alkane7,2025-04-09,14:42:55,-07:00,2025-04-09T14:42:55-07:00,1,40
style.css,133,css,2a0b7217,alkane7,2025-04-09,14:42:55,-07:00,2025-04-09T14:42:55-07:00,0,0
style.css,134,css,2a0b7217,alkane7,2025-04-09,14:42:55,-07:00,2025-04-09T14:42:55-07:00,0,0
style.css,135,css,2a0b7217,alkane7,2025-04-09,14:42:55,-07:00,2025-04-09T14:42:55-07:00,0,0
style.css,136,css,2a0b7217,alkane7,2025-04-09,14:42:55,-07:00,2025-04-09T14:42:55-07:00,0,20
style.css,137,css,2a0b7217,alkane7,2025-04-09,14:42:55,-07:00,2025-04-09T14:42:55-07:00,1,8
style.css,138,css,2a0b7217,alkane7,2025-04-09,14:42:55,-07:00,2025-04-09T14:42:55-07:00,0,0
style.css,139,css,2a0b7217,alkane7,2025-04-09,14:42:55,-07:00,2025-04-09T14:42:55-07:00,0,0
style.css,140,css,341d92ca,alkane7,2025-04-09,14:38:08,-07:00,2025-04-09T14:38:08-07:00,0,0
style.css,141,css,4985d69c,alkane7,2025-04-04,00:22:13,-07:00,2025-04-04T00:22:13-07:00,0,10
style.css,142,css,4985d69c,alkane7,2025-04-04,00:22:13,-07:00,2025-04-04T00:22:13-07:00,1,16
style.css,143,css,4985d69c,alkane7,2025-04-04,00:22:13,-07:00,2025-04-04T00:22:13-07:00,1,11
style.css,144,css,4985d69c,alkane7,2025-04-04,00:22:13,-07:00,2025-04-04T00:22:13-07:00,1,12
style.css,145,css,4985d69c,alkane7,2025-04-04,00:22:13,-07:00,2025-04-04T00:22:13-07:00,0,0
style.css,146,css,36640066,alkane7,2025-04-07,22:23:40,-07:00,2025-04-07T22:23:40-07:00,0,0
style.css,147,css,717630fe,alkane7,2025-04-16,21:04:59,-07:00,2025-04-16T21:04:59-07:00,0,7
style.css,148,css,5b88216a,alkane7,2025-04-16,21:08:54,-07:00,2025-04-16T21:08:54-07:00,1,69
style.css,149,css,717630fe,alkane7,2025-04-16,21:04:59,-07:00,2025-04-16T21:04:59-07:00,1,20
style.css,150,css,717630fe,alkane7,2025-04-16,21:04:59,-07:00,2025-04-16T21:04:59-07:00,1,12
style.css,151,css,717630fe,alkane7,2025-04-16,21:04:59,-07:00,2025-04-16T21:04:59-07:00,1,37
style.css,152,css,717630fe,alkane7,2025-04-16,21:04:59,-07:00,2025-04-16T21:04:59-07:00,1,15
style.css,153,css,717630fe,alkane7,2025-04-16,21:04:59,-07:00,2025-04-16T21:04:59-07:00,0,0
style.css,154,css,36640066,alkane7,2025-04-07,22:23:40,-07:00,2025-04-07T22:23:40-07:00,0,0
style.css,155,css,717630fe,alkane7,2025-04-16,21:04:59,-07:00,2025-04-16T21:04:59-07:00,0,14
style.css,156,css,36640066,alkane7,2025-04-07,22:23:40,-07:00,2025-04-07T22:23:40-07:00,1,12
style.css,157,css,717630fe,alkane7,2025-04-16,21:04:59,-07:00,2025-04-16T21:04:59-07:00,1,29
style.css,158,css,717630fe,alkane7,2025-04-16,21:04:59,-07:00,2025-04-16T21:04:59-07:00,1,20
style.css,159,css,717630fe,alkane7,2025-04-16,21:04:59,-07:00,2025-04-16T21:04:59-07:00,1,14
style.css,160,css,36640066,alkane7,2025-04-07,22:23:40,-07:00,2025-04-07T22:23:40-07:00,0,0
style.css,161,css,36640066,alkane7,2025-04-07,22:23:40,-07:00,2025-04-07T22:23:40-07:00,0,0
style.css,162,css,717630fe,alkane7,2025-04-16,21:04:59,-07:00,2025-04-16T21:04:59-07:00,0,4
style.css,163,css,717630fe,alkane7,2025-04-16,21:04:59,-07:00,2025-04-16T21:04:59-07:00,1,15
style.css,164,css,717630fe,alkane7,2025-04-16,21:04:59,-07:00,2025-04-16T21:04:59-07:00,1,24
style.css,165,css,717630fe,alkane7,2025-04-16,21:04:59,-07:00,2025-04-16T21:04:59-07:00,1,17
style.css,166,css,36640066,alkane7,2025-04-07,22:23:40,-07:00,2025-04-07T22:23:40-07:00,0,0
style.css,167,css,36640066,alkane7,2025-04-07,22:23:40,-07:00,2025-04-07T22:23:40-07:00,0,0
style.css,168,css,717630fe,alkane7,2025-04-16,21:04:59,-07:00,2025-04-16T21:04:59-07:00,0,2
style.css,169,css,717630fe,alkane7,2025-04-16,21:04:59,-07:00,2025-04-16T21:04:59-07:00,1,18
style.css,170,css,717630fe,alkane7,2025-04-16,21:04:59,-07:00,2025-04-16T21:04:59-07:00,0,0
style.css,171,css,36640066,alkane7,2025-04-07,22:23:40,-07:00,2025-04-07T22:23:40-07:00,0,0
style.css,172,css,717630fe,alkane7,2025-04-16,21:04:59,-07:00,2025-04-16T21:04:59-07:00,0,2
style.css,173,css,717630fe,alkane7,2025-04-16,21:04:59,-07:00,2025-04-16T21:04:59-07:00,1,18
style.css,174,css,36640066,alkane7,2025-04-07,22:23:40,-07:00,2025-04-07T22:23:40-07:00,0,0
style.css,175,css,36640066,alkane7,2025-04-07,22:23:40,-07:00,2025-04-07T22:23:40-07:00,0,0
style.css,176,css,36640066,alkane7,2025-04-07,22:23:40,-07:00,2025-04-07T22:23:40-07:00,0,0
style.css,177,css,717630fe,alkane7,2025-04-16,21:04:59,-07:00,2025-04-16T21:04:59-07:00,0,10
style.css,178,css,717630fe,alkane7,2025-04-16,21:04:59,-07:00,2025-04-16T21:04:59-07:00,1,12
style.css,179,css,717630fe,alkane7,2025-04-16,21:04:59,-07:00,2025-04-16T21:04:59-07:00,1,14
style.css,180,css,717630fe,alkane7,2025-04-16,21:04:59,-07:00,2025-04-16T21:04:59-07:00,1,8
style.css,181,css,36640066,alkane7,2025-04-07,22:23:40,-07:00,2025-04-07T22:23:40-07:00,0,0
style.css,182,css,36640066,alkane7,2025-04-07,22:23:40,-07:00,2025-04-07T22:23:40-07:00,0,0
style.css,183,css,717630fe,alkane7,2025-04-16,21:04:59,-07:00,2025-04-16T21:04:59-07:00,0,8
style.css,184,css,717630fe,alkane7,2025-04-16,21:04:59,-07:00,2025-04-16T21:04:59-07:00,1,14
style.css,185,css,717630fe,alkane7,2025-04-16,21:04:59,-07:00,2025-04-16T21:04:59-07:00,1,15
style.css,186,css,717630fe,alkane7,2025-04-16,21:04:59,-07:00,2025-04-16T21:04:59-07:00,1,17
style.css,187,css,5b88216a,alkane7,2025-04-16,21:08:54,-07:00,2025-04-16T21:08:54-07:00,1,69
style.css,188,css,717630fe,alkane7,2025-04-16,21:04:59,-07:00,2025-04-16T21:04:59-07:00,1,21
style.css,189,css,717630fe,alkane7,2025-04-16,21:04:59,-07:00,2025-04-16T21:04:59-07:00,1,19
style.css,190,css,717630fe,alkane7,2025-04-16,21:04:59,-07:00,2025-04-16T21:04:59-07:00,1,37
style.css,191,css,717630fe,alkane7,2025-04-16,21:04:59,-07:00,2025-04-16T21:04:59-07:00,0,0
style.css,192,css,36640066,alkane7,2025-04-07,22:23:40,-07:00,2025-04-07T22:23:40-07:00,0,0
style.css,193,css,717630fe,alkane7,2025-04-16,21:04:59,-07:00,2025-04-16T21:04:59-07:00,0,12
style.css,194,css,717630fe,alkane7,2025-04-16,21:04:59,-07:00,2025-04-16T21:04:59-07:00,1,10
style.css,195,css,717630fe,alkane7,2025-04-16,21:04:59,-07:00,2025-04-16T21:04:59-07:00,1,15
style.css,196,css,717630fe,alkane7,2025-04-16,21:04:59,-07:00,2025-04-16T21:04:59-07:00,1,17
style.css,197,css,717630fe,alkane7,2025-04-16,21:04:59,-07:00,2025-04-16T21:04:59-07:00,1,18
style.css,198,css,717630fe,alkane7,2025-04-16,21:04:59,-07:00,2025-04-16T21:04:59-07:00,1,40
style.css,199,css,36640066,alkane7,2025-04-07,22:23:40,-07:00,2025-04-07T22:23:40-07:00,0,0
style.css,200,css,36640066,alkane7,2025-04-07,22:23:40,-07:00,2025-04-07T22:23:40-07:00,0,0
style.css,201,css,717630fe,alkane7,2025-04-16,21:04:59,-07:00,2025-04-16T21:04:59-07:00,0,11
style.css,202,css,717630fe,alkane7,2025-04-16,21:04:59,-07:00,2025-04-16T21:04:59-07:00,1,16
style.css,203,css,717630fe,alkane7,2025-04-16,21:04:59,-07:00,2025-04-16T21:04:59-07:00,1,8
style.css,204,css,717630fe,alkane7,2025-04-16,21:04:59,-07:00,2025-04-16T21:04:59-07:00,1,25
style.css,205,css,717630fe,alkane7,2025-04-16,21:04:59,-07:00,2025-04-16T21:04:59-07:00,0,0
style.css,206,css,717630fe,alkane7,2025-04-16,21:04:59,-07:00,2025-04-16T21:04:59-07:00,0,0
style.css,207,css,717630fe,alkane7,2025-04-16,21:04:59,-07:00,2025-04-16T21:04:59-07:00,0,0
style.css,208,css,717630fe,alkane7,2025-04-16,21:04:59,-07:00,2025-04-16T21:04:59-07:00,0,8
style.css,209,css,717630fe,alkane7,2025-04-16,21:04:59,-07:00,2025-04-16T21:04:59-07:00,1,14
style.css,210,css,717630fe,alkane7,2025-04-16,21:04:59,-07:00,2025-04-16T21:04:59-07:00,1,11
style.css,211,css,39a826a8,alkane7,2025-04-08,15:02:24,-07:00,2025-04-08T15:02:24-07:00,0,0
style.css,212,css,1cc6b98a,alkane7,2025-04-24,16:00:34,-07:00,2025-04-24T16:00:34-07:00,0,0
style.css,213,css,1cc6b98a,alkane7,2025-04-24,16:00:34,-07:00,2025-04-24T16:00:34-07:00,0,2
style.css,214,css,1cc6b98a,alkane7,2025-04-24,16:00:34,-07:00,2025-04-24T16:00:34-07:00,1,12
style.css,215,css,1cc6b98a,alkane7,2025-04-24,16:00:34,-07:00,2025-04-24T16:00:34-07:00,1,36
style.css,216,css,1cc6b98a,alkane7,2025-04-24,16:00:34,-07:00,2025-04-24T16:00:34-07:00,1,17
style.css,217,css,1cc6b98a,alkane7,2025-04-24,16:00:34,-07:00,2025-04-24T16:00:34-07:00,0,0
style.css,218,css,1cc6b98a,alkane7,2025-04-24,16:00:34,-07:00,2025-04-24T16:00:34-07:00,0,0
style.css,219,css,1cc6b98a,alkane7,2025-04-24,16:00:34,-07:00,2025-04-24T16:00:34-07:00,0,2
style.css,220,css,1cc6b98a,alkane7,2025-04-24,16:00:34,-07:00,2025-04-24T16:00:34-07:00,1,10
style.css,221,css,1cc6b98a,alkane7,2025-04-24,16:00:34,-07:00,2025-04-24T16:00:34-07:00,1,22
style.css,222,css,1cc6b98a,alkane7,2025-04-24,16:00:34,-07:00,2025-04-24T16:00:34-07:00,1,13
style.css,223,css,1cc6b98a,alkane7,2025-04-24,16:00:34,-07:00,2025-04-24T16:00:34-07:00,1,24
style.css,224,css,1cc6b98a,alkane7,2025-04-24,16:00:34,-07:00,2025-04-24T16:00:34-07:00,1,16
style.css,225,css,1cc6b98a,alkane7,2025-04-24,16:00:34,-07:00,2025-04-24T16:00:34-07:00,0,0
style.css,226,css,1cc6b98a,alkane7,2025-04-24,16:00:34,-07:00,2025-04-24T16:00:34-07:00,0,0
style.css,227,css,1cc6b98a,alkane7,2025-04-24,16:00:34,-07:00,2025-04-24T16:00:34-07:00,0,2
style.css,228,css,1cc6b98a,alkane7,2025-04-24,16:00:34,-07:00,2025-04-24T16:00:34-07:00,1,10
style.css,229,css,1cc6b98a,alkane7,2025-04-24,16:00:34,-07:00,2025-04-24T16:00:34-07:00,1,14
style.css,230,css,1cc6b98a,alkane7,2025-04-24,16:00:34,-07:00,2025-04-24T16:00:34-07:00,1,15
style.css,231,css,1cc6b98a,alkane7,2025-04-24,16:00:34,-07:00,2025-04-24T16:00:34-07:00,0,0
style.css,232,css,1cc6b98a,alkane7,2025-04-24,16:00:34,-07:00,2025-04-24T16:00:34-07:00,0,0
style.css,233,css,c3ebc6dd,alkane7,2025-04-24,17:58:31,-07:00,2025-04-24T17:58:31-07:00,0,21
style.css,234,css,c3ebc6dd,alkane7,2025-04-24,17:58:31,-07:00,2025-04-24T17:58:31-07:00,1,10
style.css,235,css,c3ebc6dd,alkane7,2025-04-24,17:58:31,-07:00,2025-04-24T17:58:31-07:00,1,11
style.css,236,css,c3ebc6dd,alkane7,2025-04-24,17:58:31,-07:00,2025-04-24T17:58:31-07:00,1,13
style.css,237,css,c3ebc6dd,alkane7,2025-04-24,17:58:31,-07:00,2025-04-24T17:58:31-07:00,0,0
style.css,238,css,c3ebc6dd,alkane7,2025-04-24,17:58:31,-07:00,2025-04-24T17:58:31-07:00,0,0
style.css,239,css,f5840648,alkane7,2025-05-02,15:07:22,-07:00,2025-05-02T15:07:22-07:00,0,5
style.css,240,css,f5840648,alkane7,2025-05-02,15:07:22,-07:00,2025-05-02T15:07:22-07:00,1,17
style.css,241,css,f5840648,alkane7,2025-05-02,15:07:22,-07:00,2025-05-02T15:07:22-07:00,1,43
style.css,242,css,f5840648,alkane7,2025-05-02,15:07:22,-07:00,2025-05-02T15:07:22-07:00,1,34
style.css,243,css,f5840648,alkane7,2025-05-02,15:07:22,-07:00,2025-05-02T15:07:22-07:00,1,15
style.css,244,css,e30ed6d3,alkane7,2025-05-02,18:05:09,-07:00,2025-05-02T18:05:09-07:00,1,10
style.css,245,css,f5840648,alkane7,2025-05-02,15:07:22,-07:00,2025-05-02T15:07:22-07:00,1,16
style.css,246,css,f5840648,alkane7,2025-05-02,15:07:22,-07:00,2025-05-02T15:07:22-07:00,0,0
style.css,247,css,c3ebc6dd,alkane7,2025-04-24,17:58:31,-07:00,2025-04-24T17:58:31-07:00,0,0
style.css,248,css,e30ed6d3,alkane7,2025-05-02,18:05:09,-07:00,2025-05-02T18:05:09-07:00,0,14
style.css,249,css,f5840648,alkane7,2025-05-02,15:07:22,-07:00,2025-05-02T15:07:22-07:00,1,14
style.css,250,css,f5840648,alkane7,2025-05-02,15:07:22,-07:00,2025-05-02T15:07:22-07:00,1,16
style.css,251,css,f5840648,alkane7,2025-05-02,15:07:22,-07:00,2025-05-02T15:07:22-07:00,1,16
style.css,252,css,f5840648,alkane7,2025-05-02,15:07:22,-07:00,2025-05-02T15:07:22-07:00,0,0
style.css,253,css,e30ed6d3,alkane7,2025-05-02,18:05:09,-07:00,2025-05-02T18:05:09-07:00,0,0
style.css,254,css,e30ed6d3,alkane7,2025-05-02,18:05:09,-07:00,2025-05-02T18:05:09-07:00,0,7
style.css,255,css,e30ed6d3,alkane7,2025-05-02,18:05:09,-07:00,2025-05-02T18:05:09-07:00,1,12
style.css,256,css,e30ed6d3,alkane7,2025-05-02,18:05:09,-07:00,2025-05-02T18:05:09-07:00,1,57
style.css,257,css,e30ed6d3,alkane7,2025-05-02,18:05:09,-07:00,2025-05-02T18:05:09-07:00,1,14
style.css,258,css,e30ed6d3,alkane7,2025-05-02,18:05:09,-07:00,2025-05-02T18:05:09-07:00,1,21
style.css,259,css,e30ed6d3,alkane7,2025-05-02,18:05:09,-07:00,2025-05-02T18:05:09-07:00,1,11
style.css,260,css,e30ed6d3,alkane7,2025-05-02,18:05:09,-07:00,2025-05-02T18:05:09-07:00,1,18
style.css,261,css,e30ed6d3,alkane7,2025-05-02,18:05:09,-07:00,2025-05-02T18:05:09-07:00,1,33
style.css,262,css,e30ed6d3,alkane7,2025-05-02,18:05:09,-07:00,2025-05-02T18:05:09-07:00,0,0
style.css,263,css,e30ed6d3,alkane7,2025-05-02,18:05:09,-07:00,2025-05-02T18:05:09-07:00,0,0
style.css,264,css,e30ed6d3,alkane7,2025-05-02,18:05:09,-07:00,2025-05-02T18:05:09-07:00,0,12
style.css,265,css,e30ed6d3,alkane7,2025-05-02,18:05:09,-07:00,2025-05-02T18:05:09-07:00,1,12
style.css,266,css,e30ed6d3,alkane7,2025-05-02,18:05:09,-07:00,2025-05-02T18:05:09-07:00,1,18
style.css,267,css,e30ed6d3,alkane7,2025-05-02,18:05:09,-07:00,2025-05-02T18:05:09-07:00,1,9
style.css,268,css,e30ed6d3,alkane7,2025-05-02,18:05:09,-07:00,2025-05-02T18:05:09-07:00,0,0
style.css,269,css,e30ed6d3,alkane7,2025-05-02,18:05:09,-07:00,2025-05-02T18:05:09-07:00,0,0
style.css,270,css,e30ed6d3,alkane7,2025-05-02,18:05:09,-07:00,2025-05-02T18:05:09-07:00,0,20
style.css,271,css,e30ed6d3,alkane7,2025-05-02,18:05:09,-07:00,2025-05-02T18:05:09-07:00,1,20
style.css,272,css,e30ed6d3,alkane7,2025-05-02,18:05:09,-07:00,2025-05-02T18:05:09-07:00,1,9
style.css,273,css,e30ed6d3,alkane7,2025-05-02,18:05:09,-07:00,2025-05-02T18:05:09-07:00,1,18
style.css,274,css,e30ed6d3,alkane7,2025-05-02,18:05:09,-07:00,2025-05-02T18:05:09-07:00,1,20
style.css,275,css,e30ed6d3,alkane7,2025-05-02,18:05:09,-07:00,2025-05-02T18:05:09-07:00,1,29
style.css,276,css,e30ed6d3,alkane7,2025-05-02,18:05:09,-07:00,2025-05-02T18:05:09-07:00,0,0
style.css,277,css,e30ed6d3,alkane7,2025-05-02,18:05:09,-07:00,2025-05-02T18:05:09-07:00,0,0
style.css,278,css,e30ed6d3,alkane7,2025-05-02,18:05:09,-07:00,2025-05-02T18:05:09-07:00,0,10
style.css,279,css,e30ed6d3,alkane7,2025-05-02,18:05:09,-07:00,2025-05-02T18:05:09-07:00,1,12
style.css,280,css,e30ed6d3,alkane7,2025-05-02,18:05:09,-07:00,2025-05-02T18:05:09-07:00,1,18
style.css,281,css,e30ed6d3,alkane7,2025-05-02,18:05:09,-07:00,2025-05-02T18:05:09-07:00,1,8
style.css,282,css,e30ed6d3,alkane7,2025-05-02,18:05:09,-07:00,2025-05-02T18:05:09-07:00,1,14
style.css,283,css,e30ed6d3,alkane7,2025-05-02,18:05:09,-07:00,2025-05-02T18:05:09-07:00,1,17
style.css,284,css,e30ed6d3,alkane7,2025-05-02,18:05:09,-07:00,2025-05-02T18:05:09-07:00,0,0
style.css,285,css,e30ed6d3,alkane7,2025-05-02,18:05:09,-07:00,2025-05-02T18:05:09-07:00,0,0
style.css,286,css,e30ed6d3,alkane7,2025-05-02,18:05:09,-07:00,2025-05-02T18:05:09-07:00,0,3
style.css,287,css,e30ed6d3,alkane7,2025-05-02,18:05:09,-07:00,2025-05-02T18:05:09-07:00,1,13
style.css,288,css,e30ed6d3,alkane7,2025-05-02,18:05:09,-07:00,2025-05-02T18:05:09-07:00,0,0
style.css,289,css,e30ed6d3,alkane7,2025-05-02,18:05:09,-07:00,2025-05-02T18:05:09-07:00,0,0
style.css,290,css,e30ed6d3,alkane7,2025-05-02,18:05:09,-07:00,2025-05-02T18:05:09-07:00,0,7
style.css,291,css,e30ed6d3,alkane7,2025-05-02,18:05:09,-07:00,2025-05-02T18:05:09-07:00,1,6
style.css,292,css,e30ed6d3,alkane7,2025-05-02,18:05:09,-07:00,2025-05-02T18:05:09-07:00,0,0
style.css,293,css,e30ed6d3,alkane7,2025-05-02,18:05:09,-07:00,2025-05-02T18:05:09-07:00,0,0
style.css,294,css,e30ed6d3,alkane7,2025-05-02,18:05:09,-07:00,2025-05-02T18:05:09-07:00,0,36
style.css,295,css,e30ed6d3,alkane7,2025-05-02,18:05:09,-07:00,2025-05-02T18:05:09-07:00,1,11
style.css,296,css,e30ed6d3,alkane7,2025-05-02,18:05:09,-07:00,2025-05-02T18:05:09-07:00,0,0
style.css,297,css,e30ed6d3,alkane7,2025-05-02,18:05:09,-07:00,2025-05-02T18:05:09-07:00,0,0
style.css,298,css,e30ed6d3,alkane7,2025-05-02,18:05:09,-07:00,2025-05-02T18:05:09-07:00,0,8
style.css,299,css,e30ed6d3,alkane7,2025-05-02,18:05:09,-07:00,2025-05-02T18:05:09-07:00,1,16
style.css,300,css,e30ed6d3,alkane7,2025-05-02,18:05:09,-07:00,2025-05-02T18:05:09-07:00,0,0
style.css,301,css,e30ed6d3,alkane7,2025-05-02,18:05:09,-07:00,2025-05-02T18:05:09-07:00,0,0
style.css,302,css,e30ed6d3,alkane7,2025-05-02,18:05:09,-07:00,2025-05-02T18:05:09-07:00,0,0
style.css,303,css,e30ed6d3,alkane7,2025-05-02,18:05:09,-07:00,2025-05-02T18:05:09-07:00,0,0
style.css,304,css,e30ed6d3,alkane7,2025-05-02,18:05:09,-07:00,2025-05-02T18:05:09-07:00,0,4
style.css,305,css,e30ed6d3,alkane7,2025-05-02,18:05:09,-07:00,2025-05-02T18:05:09-07:00,1,14
style.css,306,css,e30ed6d3,alkane7,2025-05-02,18:05:09,-07:00,2025-05-02T18:05:09-07:00,1,21
style.css,307,css,e30ed6d3,alkane7,2025-05-02,18:05:09,-07:00,2025-05-02T18:05:09-07:00,0,0
style.css,308,css,e30ed6d3,alkane7,2025-05-02,18:05:09,-07:00,2025-05-02T18:05:09-07:00,0,0
style.css,309,css,e30ed6d3,alkane7,2025-05-02,18:05:09,-07:00,2025-05-02T18:05:09-07:00,0,9
style.css,310,css,e30ed6d3,alkane7,2025-05-02,18:05:09,-07:00,2025-05-02T18:05:09-07:00,1,44
style.css,311,css,e30ed6d3,alkane7,2025-05-02,18:05:09,-07:00,2025-05-02T18:05:09-07:00,0,0
style.css,312,css,e30ed6d3,alkane7,2025-05-02,18:05:09,-07:00,2025-05-02T18:05:09-07:00,0,0
style.css,313,css,e30ed6d3,alkane7,2025-05-02,18:05:09,-07:00,2025-05-02T18:05:09-07:00,0,13
style.css,314,css,e30ed6d3,alkane7,2025-05-02,18:05:09,-07:00,2025-05-02T18:05:09-07:00,1,17
style.css,315,css,e30ed6d3,alkane7,2025-05-02,18:05:09,-07:00,2025-05-02T18:05:09-07:00,0,0
style.css,316,css,e30ed6d3,alkane7,2025-05-02,18:05:09,-07:00,2025-05-02T18:05:09-07:00,0,0
style.css,317,css,e30ed6d3,alkane7,2025-05-02,18:05:09,-07:00,2025-05-02T18:05:09-07:00,0,29
style.css,318,css,e30ed6d3,alkane7,2025-05-02,18:05:09,-07:00,2025-05-02T18:05:09-07:00,1,29
style.css,319,css,e30ed6d3,alkane7,2025-05-02,18:05:09,-07:00,2025-05-02T18:05:09-07:00,0,0
index.js,1,js,1cc6b98a,alkane7,2025-04-24,16:00:34,-07:00,2025-04-24T16:00:34-07:00,0,71
index.js,2,js,1cc6b98a,alkane7,2025-04-24,16:00:34,-07:00,2025-04-24T16:00:34-07:00,0,0
index.js,3,js,1cc6b98a,alkane7,2025-04-24,16:00:34,-07:00,2025-04-24T16:00:34-07:00,0,54
index.js,4,js,1cc6b98a,alkane7,2025-04-24,16:00:34,-07:00,2025-04-24T16:00:34-07:00,0,42
index.js,5,js,1cc6b98a,alkane7,2025-04-24,16:00:34,-07:00,2025-04-24T16:00:34-07:00,0,60
index.js,6,js,1cc6b98a,alkane7,2025-04-24,16:00:34,-07:00,2025-04-24T16:00:34-07:00,0,54
index.js,7,js,1cc6b98a,alkane7,2025-04-24,16:00:34,-07:00,2025-04-24T16:00:34-07:00,0,0
index.js,8,js,1cc6b98a,alkane7,2025-04-24,16:00:34,-07:00,2025-04-24T16:00:34-07:00,0,50
index.js,9,js,1cc6b98a,alkane7,2025-04-24,16:00:34,-07:00,2025-04-24T16:00:34-07:00,0,60
index.js,10,js,1cc6b98a,alkane7,2025-04-24,16:00:34,-07:00,2025-04-24T16:00:34-07:00,0,17
index.js,11,js,1cc6b98a,alkane7,2025-04-24,16:00:34,-07:00,2025-04-24T16:00:34-07:00,2,24
index.js,12,js,1cc6b98a,alkane7,2025-04-24,16:00:34,-07:00,2025-04-24T16:00:34-07:00,5,2
index.js,13,js,1cc6b98a,alkane7,2025-04-24,16:00:34,-07:00,2025-04-24T16:00:34-07:00,6,54
index.js,14,js,1cc6b98a,alkane7,2025-04-24,16:00:34,-07:00,2025-04-24T16:00:34-07:00,6,54
index.js,15,js,1cc6b98a,alkane7,2025-04-24,16:00:34,-07:00,2025-04-24T16:00:34-07:00,6,48
index.js,16,js,1cc6b98a,alkane7,2025-04-24,16:00:34,-07:00,2025-04-24T16:00:34-07:00,6,48
index.js,17,js,1cc6b98a,alkane7,2025-04-24,16:00:34,-07:00,2025-04-24T16:00:34-07:00,5,3
index.js,18,js,1cc6b98a,alkane7,2025-04-24,16:00:34,-07:00,2025-04-24T16:00:34-07:00,3,0
index.js,19,js,1cc6b98a,alkane7,2025-04-24,16:00:34,-07:00,2025-04-24T16:00:34-07:00,0,0
index.html,1,html,b05b2140,alkane7,2025-04-03,13:22:51,-07:00,2025-04-03T13:22:51-07:00,0,13
index.html,2,html,b05b2140,alkane7,2025-04-03,13:22:51,-07:00,2025-04-03T13:22:51-07:00,0,14
index.html,3,html,b05b2140,alkane7,2025-04-03,13:22:51,-07:00,2025-04-03T13:22:51-07:00,0,4
index.html,4,html,b05b2140,alkane7,2025-04-03,13:22:51,-07:00,2025-04-03T13:22:51-07:00,2,20
index.html,5,html,b05b2140,alkane7,2025-04-03,13:22:51,-07:00,2025-04-03T13:22:51-07:00,2,68
index.html,6,html,b05b2140,alkane7,2025-04-03,13:22:51,-07:00,2025-04-03T13:22:51-07:00,2,52
index.html,7,html,31d1be56,alkane7,2025-04-03,14:34:14,-07:00,2025-04-03T14:34:14-07:00,2,38
index.html,8,html,717630fe,alkane7,2025-04-16,21:04:59,-07:00,2025-04-16T21:04:59-07:00,2,45
index.html,9,html,1cc6b98a,alkane7,2025-04-24,16:00:34,-07:00,2025-04-24T16:00:34-07:00,2,50
index.html,10,html,b05b2140,alkane7,2025-04-03,13:22:51,-07:00,2025-04-03T13:22:51-07:00,0,5
index.html,11,html,b05b2140,alkane7,2025-04-03,13:22:51,-07:00,2025-04-03T13:22:51-07:00,0,4
index.html,12,html,717630fe,alkane7,2025-04-16,21:04:59,-07:00,2025-04-16T21:04:59-07:00,2,8
index.html,13,html,717630fe,alkane7,2025-04-16,21:04:59,-07:00,2025-04-16T21:04:59-07:00,4,27
index.html,14,html,d6f5580c,alkane7,2025-04-03,14:54:22,-07:00,2025-04-03T14:54:22-07:00,4,40
index.html,15,html,d6f5580c,alkane7,2025-04-03,14:54:22,-07:00,2025-04-03T14:54:22-07:00,4,38
index.html,16,html,28759826,alkane7,2025-04-03,14:40:57,-07:00,2025-04-03T14:40:57-07:00,4,62
index.html,17,html,22876ca0,alkane7,2025-04-03,15:25:55,-07:00,2025-04-03T15:25:55-07:00,4,28
index.html,18,html,717630fe,alkane7,2025-04-16,21:04:59,-07:00,2025-04-16T21:04:59-07:00,2,9
index.html,19,html,fa5bb2cb,alkane7,2025-04-03,15:01:32,-07:00,2025-04-03T15:01:32-07:00,2,17
index.html,20,html,2f588c91,alkane7,2025-04-07,22:05:21,-07:00,2025-04-07T22:05:21-07:00,2,247
index.html,21,html,e2db7d02,alkane7,2025-04-04,00:15:34,-07:00,2025-04-04T00:15:34-07:00,2,101
index.html,22,html,1cc6b98a,alkane7,2025-04-24,16:00:34,-07:00,2025-04-24T16:00:34-07:00,2,22
index.html,23,html,1cc6b98a,alkane7,2025-04-24,16:00:34,-07:00,2025-04-24T16:00:34-07:00,2,20
index.html,24,html,1cc6b98a,alkane7,2025-04-24,16:00:34,-07:00,2025-04-24T16:00:34-07:00,4,49
index.html,25,html,1cc6b98a,alkane7,2025-04-24,16:00:34,-07:00,2025-04-24T16:00:34-07:00,2,4
index.html,26,html,c5172240,alkane7,2025-04-24,21:53:25,-07:00,2025-04-24T21:53:25-07:00,2,22
index.html,27,html,1cc6b98a,alkane7,2025-04-24,16:00:34,-07:00,2025-04-24T16:00:34-07:00,2,28
index.html,28,html,b05b2140,alkane7,2025-04-03,13:22:51,-07:00,2025-04-03T13:22:51-07:00,0,5
index.html,29,html,b05b2140,alkane7,2025-04-03,13:22:51,-07:00,2025-04-03T13:22:51-07:00,0,5
global.js,1,js,717630fe,alkane7,2025-04-16,21:04:59,-07:00,2025-04-16T21:04:59-07:00,0,25
global.js,2,js,717630fe,alkane7,2025-04-16,21:04:59,-07:00,2025-04-16T21:04:59-07:00,0,88
global.js,3,js,717630fe,alkane7,2025-04-16,21:04:59,-07:00,2025-04-16T21:04:59-07:00,1,30
global.js,4,js,717630fe,alkane7,2025-04-16,21:04:59,-07:00,2025-04-16T21:04:59-07:00,1,43
global.js,5,js,717630fe,alkane7,2025-04-16,21:04:59,-07:00,2025-04-16T21:04:59-07:00,0,0
global.js,6,js,717630fe,alkane7,2025-04-16,21:04:59,-07:00,2025-04-16T21:04:59-07:00,0,0
global.js,7,js,717630fe,alkane7,2025-04-16,21:04:59,-07:00,2025-04-16T21:04:59-07:00,0,41
global.js,8,js,717630fe,alkane7,2025-04-16,21:04:59,-07:00,2025-04-16T21:04:59-07:00,1,52
global.js,9,js,717630fe,alkane7,2025-04-16,21:04:59,-07:00,2025-04-16T21:04:59-07:00,0,0
global.js,10,js,717630fe,alkane7,2025-04-16,21:04:59,-07:00,2025-04-16T21:04:59-07:00,0,30
global.js,11,js,717630fe,alkane7,2025-04-16,21:04:59,-07:00,2025-04-16T21:04:59-07:00,0,0
global.js,12,js,717630fe,alkane7,2025-04-16,21:04:59,-07:00,2025-04-16T21:04:59-07:00,0,33
global.js,13,js,717630fe,alkane7,2025-04-16,21:04:59,-07:00,2025-04-16T21:04:59-07:00,0,70
global.js,14,js,717630fe,alkane7,2025-04-16,21:04:59,-07:00,2025-04-16T21:04:59-07:00,0,3
global.js,15,js,717630fe,alkane7,2025-04-16,21:04:59,-07:00,2025-04-16T21:04:59-07:00,0,0
global.js,16,js,717630fe,alkane7,2025-04-16,21:04:59,-07:00,2025-04-16T21:04:59-07:00,0,19
global.js,17,js,717630fe,alkane7,2025-04-16,21:04:59,-07:00,2025-04-16T21:04:59-07:00,0,40
global.js,18,js,717630fe,alkane7,2025-04-16,21:04:59,-07:00,2025-04-16T21:04:59-07:00,0,2
global.js,19,js,717630fe,alkane7,2025-04-16,21:04:59,-07:00,2025-04-16T21:04:59-07:00,0,0
global.js,20,js,717630fe,alkane7,2025-04-16,21:04:59,-07:00,2025-04-16T21:04:59-07:00,0,0
global.js,21,js,717630fe,alkane7,2025-04-16,21:04:59,-07:00,2025-04-16T21:04:59-07:00,0,11
global.js,22,js,717630fe,alkane7,2025-04-16,21:04:59,-07:00,2025-04-16T21:04:59-07:00,1,25
global.js,23,js,717630fe,alkane7,2025-04-16,21:04:59,-07:00,2025-04-16T21:04:59-07:00,1,38
global.js,24,js,717630fe,alkane7,2025-04-16,21:04:59,-07:00,2025-04-16T21:04:59-07:00,1,36
global.js,25,js,717630fe,alkane7,2025-04-16,21:04:59,-07:00,2025-04-16T21:04:59-07:00,1,54
global.js,26,js,717630fe,alkane7,2025-04-16,21:04:59,-07:00,2025-04-16T21:04:59-07:00,1,26
global.js,27,js,00000000,Not Committed Yet,2025-05-05,13:30:07,-07:00,2025-05-05T13:30:07-07:00,1,30
global.js,28,js,717630fe,alkane7,2025-04-16,21:04:59,-07:00,2025-04-16T21:04:59-07:00,0,0
global.js,29,js,717630fe,alkane7,2025-04-16,21:04:59,-07:00,2025-04-16T21:04:59-07:00,0,0
global.js,30,js,717630fe,alkane7,2025-04-16,21:04:59,-07:00,2025-04-16T21:04:59-07:00,0,38
global.js,31,js,717630fe,alkane7,2025-04-16,21:04:59,-07:00,2025-04-16T21:04:59-07:00,0,25
global.js,32,js,717630fe,alkane7,2025-04-16,21:04:59,-07:00,2025-04-16T21:04:59-07:00,0,0
global.js,33,js,717630fe,alkane7,2025-04-16,21:04:59,-07:00,2025-04-16T21:04:59-07:00,0,20
global.js,34,js,717630fe,alkane7,2025-04-16,21:04:59,-07:00,2025-04-16T21:04:59-07:00,1,14
global.js,35,js,717630fe,alkane7,2025-04-16,21:04:59,-07:00,2025-04-16T21:04:59-07:00,1,18
global.js,36,js,717630fe,alkane7,2025-04-16,21:04:59,-07:00,2025-04-16T21:04:59-07:00,0,0
global.js,37,js,717630fe,alkane7,2025-04-16,21:04:59,-07:00,2025-04-16T21:04:59-07:00,1,52
global.js,38,js,717630fe,alkane7,2025-04-16,21:04:59,-07:00,2025-04-16T21:04:59-07:00,0,0
global.js,39,js,717630fe,alkane7,2025-04-16,21:04:59,-07:00,2025-04-16T21:04:59-07:00,1,34
global.js,40,js,717630fe,alkane7,2025-04-16,21:04:59,-07:00,2025-04-16T21:04:59-07:00,1,11
global.js,41,js,717630fe,alkane7,2025-04-16,21:04:59,-07:00,2025-04-16T21:04:59-07:00,1,20
global.js,42,js,717630fe,alkane7,2025-04-16,21:04:59,-07:00,2025-04-16T21:04:59-07:00,0,0
global.js,43,js,717630fe,alkane7,2025-04-16,21:04:59,-07:00,2025-04-16T21:04:59-07:00,1,90
global.js,44,js,717630fe,alkane7,2025-04-16,21:04:59,-07:00,2025-04-16T21:04:59-07:00,0,0
global.js,45,js,717630fe,alkane7,2025-04-16,21:04:59,-07:00,2025-04-16T21:04:59-07:00,1,29
global.js,46,js,717630fe,alkane7,2025-04-16,21:04:59,-07:00,2025-04-16T21:04:59-07:00,2,18
global.js,47,js,717630fe,alkane7,2025-04-16,21:04:59,-07:00,2025-04-16T21:04:59-07:00,1,0
global.js,48,js,717630fe,alkane7,2025-04-16,21:04:59,-07:00,2025-04-16T21:04:59-07:00,0,0
global.js,49,js,717630fe,alkane7,2025-04-16,21:04:59,-07:00,2025-04-16T21:04:59-07:00,1,12
global.js,50,js,717630fe,alkane7,2025-04-16,21:04:59,-07:00,2025-04-16T21:04:59-07:00,0,0
global.js,51,js,717630fe,alkane7,2025-04-16,21:04:59,-07:00,2025-04-16T21:04:59-07:00,0,0
global.js,52,js,717630fe,alkane7,2025-04-16,21:04:59,-07:00,2025-04-16T21:04:59-07:00,0,31
global.js,53,js,717630fe,alkane7,2025-04-16,21:04:59,-07:00,2025-04-16T21:04:59-07:00,1,11
global.js,54,js,717630fe,alkane7,2025-04-16,21:04:59,-07:00,2025-04-16T21:04:59-07:00,1,0
global.js,55,js,717630fe,alkane7,2025-04-16,21:04:59,-07:00,2025-04-16T21:04:59-07:00,2,26
global.js,56,js,717630fe,alkane7,2025-04-16,21:04:59,-07:00,2025-04-16T21:04:59-07:00,3,4
global.js,57,js,717630fe,alkane7,2025-04-16,21:04:59,-07:00,2025-04-16T21:04:59-07:00,3,26
global.js,58,js,717630fe,alkane7,2025-04-16,21:04:59,-07:00,2025-04-16T21:04:59-07:00,4,43
global.js,59,js,717630fe,alkane7,2025-04-16,21:04:59,-07:00,2025-04-16T21:04:59-07:00,4,34
global.js,60,js,717630fe,alkane7,2025-04-16,21:04:59,-07:00,2025-04-16T21:04:59-07:00,4,32
global.js,61,js,717630fe,alkane7,2025-04-16,21:04:59,-07:00,2025-04-16T21:04:59-07:00,3,7
global.js,62,js,717630fe,alkane7,2025-04-16,21:04:59,-07:00,2025-04-16T21:04:59-07:00,2,6
global.js,63,js,717630fe,alkane7,2025-04-16,21:04:59,-07:00,2025-04-16T21:04:59-07:00,1,0
global.js,64,js,717630fe,alkane7,2025-04-16,21:04:59,-07:00,2025-04-16T21:04:59-07:00,0,0
global.js,65,js,717630fe,alkane7,2025-04-16,21:04:59,-07:00,2025-04-16T21:04:59-07:00,0,0
global.js,66,js,717630fe,alkane7,2025-04-16,21:04:59,-07:00,2025-04-16T21:04:59-07:00,0,55
global.js,67,js,717630fe,alkane7,2025-04-16,21:04:59,-07:00,2025-04-16T21:04:59-07:00,0,0
global.js,68,js,717630fe,alkane7,2025-04-16,21:04:59,-07:00,2025-04-16T21:04:59-07:00,0,30
global.js,69,js,717630fe,alkane7,2025-04-16,21:04:59,-07:00,2025-04-16T21:04:59-07:00,1,64
global.js,70,js,717630fe,alkane7,2025-04-16,21:04:59,-07:00,2025-04-16T21:04:59-07:00,1,31
global.js,71,js,717630fe,alkane7,2025-04-16,21:04:59,-07:00,2025-04-16T21:04:59-07:00,1,19
global.js,72,js,717630fe,alkane7,2025-04-16,21:04:59,-07:00,2025-04-16T21:04:59-07:00,0,0
global.js,73,js,717630fe,alkane7,2025-04-16,21:04:59,-07:00,2025-04-16T21:04:59-07:00,0,49
global.js,74,js,717630fe,alkane7,2025-04-16,21:04:59,-07:00,2025-04-16T21:04:59-07:00,1,57
global.js,75,js,717630fe,alkane7,2025-04-16,21:04:59,-07:00,2025-04-16T21:04:59-07:00,1,33
global.js,76,js,717630fe,alkane7,2025-04-16,21:04:59,-07:00,2025-04-16T21:04:59-07:00,0,1
global.js,77,js,717630fe,alkane7,2025-04-16,21:04:59,-07:00,2025-04-16T21:04:59-07:00,0,0
global.js,78,js,717630fe,alkane7,2025-04-16,21:04:59,-07:00,2025-04-16T21:04:59-07:00,0,34
global.js,79,js,717630fe,alkane7,2025-04-16,21:04:59,-07:00,2025-04-16T21:04:59-07:00,1,39
global.js,80,js,717630fe,alkane7,2025-04-16,21:04:59,-07:00,2025-04-16T21:04:59-07:00,0,0
global.js,81,js,ec2a10d2,alkane7,2025-04-18,19:54:45,-07:00,2025-04-18T19:54:45-07:00,0,0
global.js,82,js,ec2a10d2,alkane7,2025-04-18,19:54:45,-07:00,2025-04-18T19:54:45-07:00,0,42
global.js,83,js,ec2a10d2,alkane7,2025-04-18,19:54:45,-07:00,2025-04-18T19:54:45-07:00,0,0
global.js,84,js,ec2a10d2,alkane7,2025-04-18,19:54:45,-07:00,2025-04-18T19:54:45-07:00,0,9
global.js,85,js,ec2a10d2,alkane7,2025-04-18,19:54:45,-07:00,2025-04-18T19:54:45-07:00,1,42
global.js,86,js,ec2a10d2,alkane7,2025-04-18,19:54:45,-07:00,2025-04-18T19:54:45-07:00,2,21
global.js,87,js,ec2a10d2,alkane7,2025-04-18,19:54:45,-07:00,2025-04-18T19:54:45-07:00,2,53
global.js,88,js,ec2a10d2,alkane7,2025-04-18,19:54:45,-07:00,2025-04-18T19:54:45-07:00,2,50
global.js,89,js,ec2a10d2,alkane7,2025-04-18,19:54:45,-07:00,2025-04-18T19:54:45-07:00,2,73
global.js,90,js,ec2a10d2,alkane7,2025-04-18,19:54:45,-07:00,2025-04-18T19:54:45-07:00,2,18
global.js,91,js,ec2a10d2,alkane7,2025-04-18,19:54:45,-07:00,2025-04-18T19:54:45-07:00,1,1
global.js,92,js,ec2a10d2,alkane7,2025-04-18,19:54:45,-07:00,2025-04-18T19:54:45-07:00,0,0
global.js,93,js,ec2a10d2,alkane7,2025-04-18,19:54:45,-07:00,2025-04-18T19:54:45-07:00,0,0
global.js,94,js,1cc6b98a,alkane7,2025-04-24,16:00:34,-07:00,2025-04-24T16:00:34-07:00,0,36
global.js,95,js,1cc6b98a,alkane7,2025-04-24,16:00:34,-07:00,2025-04-24T16:00:34-07:00,1,3
global.js,96,js,1cc6b98a,alkane7,2025-04-24,16:00:34,-07:00,2025-04-24T16:00:34-07:00,2,32
global.js,97,js,1cc6b98a,alkane7,2025-04-24,16:00:34,-07:00,2025-04-24T16:00:34-07:00,2,17
global.js,98,js,1cc6b98a,alkane7,2025-04-24,16:00:34,-07:00,2025-04-24T16:00:34-07:00,3,66
global.js,99,js,1cc6b98a,alkane7,2025-04-24,16:00:34,-07:00,2025-04-24T16:00:34-07:00,2,0
global.js,100,js,1cc6b98a,alkane7,2025-04-24,16:00:34,-07:00,2025-04-24T16:00:34-07:00,2,19
global.js,101,js,1cc6b98a,alkane7,2025-04-24,16:00:34,-07:00,2025-04-24T16:00:34-07:00,2,33
global.js,102,js,1cc6b98a,alkane7,2025-04-24,16:00:34,-07:00,2025-04-24T16:00:34-07:00,2,10
global.js,103,js,1cc6b98a,alkane7,2025-04-24,16:00:34,-07:00,2025-04-24T16:00:34-07:00,1,15
global.js,104,js,1cc6b98a,alkane7,2025-04-24,16:00:34,-07:00,2025-04-24T16:00:34-07:00,2,59
global.js,105,js,1cc6b98a,alkane7,2025-04-24,16:00:34,-07:00,2025-04-24T16:00:34-07:00,1,0
global.js,106,js,1cc6b98a,alkane7,2025-04-24,16:00:34,-07:00,2025-04-24T16:00:34-07:00,0,0
global.js,107,js,1cc6b98a,alkane7,2025-04-24,16:00:34,-07:00,2025-04-24T16:00:34-07:00,0,0
global.js,108,js,1cc6b98a,alkane7,2025-04-24,16:00:34,-07:00,2025-04-24T16:00:34-07:00,0,0
global.js,109,js,1cc6b98a,alkane7,2025-04-24,16:00:34,-07:00,2025-04-24T16:00:34-07:00,0,79
global.js,110,js,1cc6b98a,alkane7,2025-04-24,16:00:34,-07:00,2025-04-24T16:00:34-07:00,1,30
global.js,111,js,1cc6b98a,alkane7,2025-04-24,16:00:34,-07:00,2025-04-24T16:00:34-07:00,1,27
global.js,112,js,1cc6b98a,alkane7,2025-04-24,16:00:34,-07:00,2025-04-24T16:00:34-07:00,2,48
global.js,113,js,1cc6b98a,alkane7,2025-04-24,16:00:34,-07:00,2025-04-24T16:00:34-07:00,2,19
global.js,114,js,1cc6b98a,alkane7,2025-04-24,16:00:34,-07:00,2025-04-24T16:00:34-07:00,3,49
global.js,115,js,1cc6b98a,alkane7,2025-04-24,16:00:34,-07:00,2025-04-24T16:00:34-07:00,3,49
global.js,116,js,1cc6b98a,alkane7,2025-04-24,16:00:34,-07:00,2025-04-24T16:00:34-07:00,3,27
global.js,117,js,f5840648,alkane7,2025-05-02,15:07:22,-07:00,2025-05-02T15:07:22-07:00,3,36
global.js,118,js,1cc6b98a,alkane7,2025-04-24,16:00:34,-07:00,2025-04-24T16:00:34-07:00,2,0
global.js,119,js,1cc6b98a,alkane7,2025-04-24,16:00:34,-07:00,2025-04-24T16:00:34-07:00,2,36
global.js,120,js,1cc6b98a,alkane7,2025-04-24,16:00:34,-07:00,2025-04-24T16:00:34-07:00,1,1
global.js,121,js,1cc6b98a,alkane7,2025-04-24,16:00:34,-07:00,2025-04-24T16:00:34-07:00,0,0
global.js,122,js,1cc6b98a,alkane7,2025-04-24,16:00:34,-07:00,2025-04-24T16:00:34-07:00,0,0
global.js,123,js,1cc6b98a,alkane7,2025-04-24,16:00:34,-07:00,2025-04-24T16:00:34-07:00,0,47
global.js,124,js,1cc6b98a,alkane7,2025-04-24,16:00:34,-07:00,2025-04-24T16:00:34-07:00,1,22
global.js,125,js,1cc6b98a,alkane7,2025-04-24,16:00:34,-07:00,2025-04-24T16:00:34-07:00,1,59
global.js,126,js,1cc6b98a,alkane7,2025-04-24,16:00:34,-07:00,2025-04-24T16:00:34-07:00,0,0
projects\projects.js,1,js,1cc6b98a,alkane7,2025-04-24,16:00:34,-07:00,2025-04-24T16:00:34-07:00,0,55
projects\projects.js,2,js,e30ed6d3,alkane7,2025-05-02,18:05:09,-07:00,2025-05-02T18:05:09-07:00,0,63
projects\projects.js,3,js,1cc6b98a,alkane7,2025-04-24,16:00:34,-07:00,2025-04-24T16:00:34-07:00,0,0
projects\projects.js,4,js,1cc6b98a,alkane7,2025-04-24,16:00:34,-07:00,2025-04-24T16:00:34-07:00,0,55
projects\projects.js,5,js,1cc6b98a,alkane7,2025-04-24,16:00:34,-07:00,2025-04-24T16:00:34-07:00,0,60
projects\projects.js,6,js,e30ed6d3,alkane7,2025-05-02,18:05:09,-07:00,2025-05-02T18:05:09-07:00,0,55
projects\projects.js,7,js,e30ed6d3,alkane7,2025-05-02,18:05:09,-07:00,2025-05-02T18:05:09-07:00,0,84
projects\projects.js,8,js,e30ed6d3,alkane7,2025-05-02,18:05:09,-07:00,2025-05-02T18:05:09-07:00,0,0
projects\projects.js,9,js,1cc6b98a,alkane7,2025-04-24,16:00:34,-07:00,2025-04-24T16:00:34-07:00,0,48
projects\projects.js,10,js,1cc6b98a,alkane7,2025-04-24,16:00:34,-07:00,2025-04-24T16:00:34-07:00,0,0
projects\projects.js,11,js,e30ed6d3,alkane7,2025-05-02,18:05:09,-07:00,2025-05-02T18:05:09-07:00,0,49
projects\projects.js,12,js,e30ed6d3,alkane7,2025-05-02,18:05:09,-07:00,2025-05-02T18:05:09-07:00,0,0
projects\projects.js,13,js,e30ed6d3,alkane7,2025-05-02,18:05:09,-07:00,2025-05-02T18:05:09-07:00,0,13
projects\projects.js,14,js,e30ed6d3,alkane7,2025-05-02,18:05:09,-07:00,2025-05-02T18:05:09-07:00,0,21
projects\projects.js,15,js,e30ed6d3,alkane7,2025-05-02,18:05:09,-07:00,2025-05-02T18:05:09-07:00,0,0
projects\projects.js,16,js,e30ed6d3,alkane7,2025-05-02,18:05:09,-07:00,2025-05-02T18:05:09-07:00,0,38
projects\projects.js,17,js,e30ed6d3,alkane7,2025-05-02,18:05:09,-07:00,2025-05-02T18:05:09-07:00,2,28
projects\projects.js,18,js,e30ed6d3,alkane7,2025-05-02,18:05:09,-07:00,2025-05-02T18:05:09-07:00,3,12
projects\projects.js,19,js,e30ed6d3,alkane7,2025-05-02,18:05:09,-07:00,2025-05-02T18:05:09-07:00,3,12
projects\projects.js,20,js,e30ed6d3,alkane7,2025-05-02,18:05:09,-07:00,2025-05-02T18:05:09-07:00,3,9
projects\projects.js,21,js,e30ed6d3,alkane7,2025-05-02,18:05:09,-07:00,2025-05-02T18:05:09-07:00,2,0
projects\projects.js,22,js,e30ed6d3,alkane7,2025-05-02,18:05:09,-07:00,2025-05-02T18:05:09-07:00,2,47
projects\projects.js,23,js,e30ed6d3,alkane7,2025-05-02,18:05:09,-07:00,2025-05-02T18:05:09-07:00,3,11
projects\projects.js,24,js,e30ed6d3,alkane7,2025-05-02,18:05:09,-07:00,2025-05-02T18:05:09-07:00,3,9
projects\projects.js,25,js,e30ed6d3,alkane7,2025-05-02,18:05:09,-07:00,2025-05-02T18:05:09-07:00,2,2
projects\projects.js,26,js,e30ed6d3,alkane7,2025-05-02,18:05:09,-07:00,2025-05-02T18:05:09-07:00,1,0
projects\projects.js,27,js,e30ed6d3,alkane7,2025-05-02,18:05:09,-07:00,2025-05-02T18:05:09-07:00,2,38
projects\projects.js,28,js,e30ed6d3,alkane7,2025-05-02,18:05:09,-07:00,2025-05-02T18:05:09-07:00,2,29
projects\projects.js,29,js,e30ed6d3,alkane7,2025-05-02,18:05:09,-07:00,2025-05-02T18:05:09-07:00,1,0
projects\projects.js,30,js,e30ed6d3,alkane7,2025-05-02,18:05:09,-07:00,2025-05-02T18:05:09-07:00,2,34
projects\projects.js,31,js,e30ed6d3,alkane7,2025-05-02,18:05:09,-07:00,2025-05-02T18:05:09-07:00,2,30
projects\projects.js,32,js,e30ed6d3,alkane7,2025-05-02,18:05:09,-07:00,2025-05-02T18:05:09-07:00,1,0
projects\projects.js,33,js,e30ed6d3,alkane7,2025-05-02,18:05:09,-07:00,2025-05-02T18:05:09-07:00,2,50
projects\projects.js,34,js,e30ed6d3,alkane7,2025-05-02,18:05:09,-07:00,2025-05-02T18:05:09-07:00,2,35
projects\projects.js,35,js,e30ed6d3,alkane7,2025-05-02,18:05:09,-07:00,2025-05-02T18:05:09-07:00,2,59
projects\projects.js,36,js,e30ed6d3,alkane7,2025-05-02,18:05:09,-07:00,2025-05-02T18:05:09-07:00,1,0
projects\projects.js,37,js,e30ed6d3,alkane7,2025-05-02,18:05:09,-07:00,2025-05-02T18:05:09-07:00,1,0
projects\projects.js,38,js,e30ed6d3,alkane7,2025-05-02,18:05:09,-07:00,2025-05-02T18:05:09-07:00,2,1
projects\projects.js,39,js,e30ed6d3,alkane7,2025-05-02,18:05:09,-07:00,2025-05-02T18:05:09-07:00,4,16
projects\projects.js,40,js,e30ed6d3,alkane7,2025-05-02,18:05:09,-07:00,2025-05-02T18:05:09-07:00,4,12
projects\projects.js,41,js,e30ed6d3,alkane7,2025-05-02,18:05:09,-07:00,2025-05-02T18:05:09-07:00,4,6
projects\projects.js,42,js,e30ed6d3,alkane7,2025-05-02,18:05:09,-07:00,2025-05-02T18:05:09-07:00,4,13
projects\projects.js,43,js,e30ed6d3,alkane7,2025-05-02,18:05:09,-07:00,2025-05-02T18:05:09-07:00,4,22
projects\projects.js,44,js,e30ed6d3,alkane7,2025-05-02,18:05:09,-07:00,2025-05-02T18:05:09-07:00,4,47
projects\projects.js,45,js,e30ed6d3,alkane7,2025-05-02,18:05:09,-07:00,2025-05-02T18:05:09-07:00,4,32
projects\projects.js,46,js,e30ed6d3,alkane7,2025-05-02,18:05:09,-07:00,2025-05-02T18:05:09-07:00,4,34
projects\projects.js,47,js,e30ed6d3,alkane7,2025-05-02,18:05:09,-07:00,2025-05-02T18:05:09-07:00,4,32
projects\projects.js,48,js,e30ed6d3,alkane7,2025-05-02,18:05:09,-07:00,2025-05-02T18:05:09-07:00,6,27
projects\projects.js,49,js,e30ed6d3,alkane7,2025-05-02,18:05:09,-07:00,2025-05-02T18:05:09-07:00,6,43
projects\projects.js,50,js,e30ed6d3,alkane7,2025-05-02,18:05:09,-07:00,2025-05-02T18:05:09-07:00,5,0
projects\projects.js,51,js,e30ed6d3,alkane7,2025-05-02,18:05:09,-07:00,2025-05-02T18:05:09-07:00,6,1
projects\projects.js,52,js,e30ed6d3,alkane7,2025-05-02,18:05:09,-07:00,2025-05-02T18:05:09-07:00,7,16
projects\projects.js,53,js,e30ed6d3,alkane7,2025-05-02,18:05:09,-07:00,2025-05-02T18:05:09-07:00,7,68
projects\projects.js,54,js,e30ed6d3,alkane7,2025-05-02,18:05:09,-07:00,2025-05-02T18:05:09-07:00,5,0
projects\projects.js,55,js,e30ed6d3,alkane7,2025-05-02,18:05:09,-07:00,2025-05-02T18:05:09-07:00,6,4
projects\projects.js,56,js,e30ed6d3,alkane7,2025-05-02,18:05:09,-07:00,2025-05-02T18:05:09-07:00,7,14
projects\projects.js,57,js,e30ed6d3,alkane7,2025-05-02,18:05:09,-07:00,2025-05-02T18:05:09-07:00,7,83
projects\projects.js,58,js,e30ed6d3,alkane7,2025-05-02,18:05:09,-07:00,2025-05-02T18:05:09-07:00,5,0
projects\projects.js,59,js,e30ed6d3,alkane7,2025-05-02,18:05:09,-07:00,2025-05-02T18:05:09-07:00,0,0
projects\projects.js,60,js,e30ed6d3,alkane7,2025-05-02,18:05:09,-07:00,2025-05-02T18:05:09-07:00,6,28
projects\projects.js,61,js,e30ed6d3,alkane7,2025-05-02,18:05:09,-07:00,2025-05-02T18:05:09-07:00,6,53
projects\projects.js,62,js,e30ed6d3,alkane7,2025-05-02,18:05:09,-07:00,2025-05-02T18:05:09-07:00,6,9
projects\projects.js,63,js,e30ed6d3,alkane7,2025-05-02,18:05:09,-07:00,2025-05-02T18:05:09-07:00,6,50
projects\projects.js,64,js,e30ed6d3,alkane7,2025-05-02,18:05:09,-07:00,2025-05-02T18:05:09-07:00,6,72
projects\projects.js,65,js,e30ed6d3,alkane7,2025-05-02,18:05:09,-07:00,2025-05-02T18:05:09-07:00,6,59
projects\projects.js,66,js,e30ed6d3,alkane7,2025-05-02,18:05:09,-07:00,2025-05-02T18:05:09-07:00,6,2
projects\projects.js,67,js,e30ed6d3,alkane7,2025-05-02,18:05:09,-07:00,2025-05-02T18:05:09-07:00,6,25
projects\projects.js,68,js,e30ed6d3,alkane7,2025-05-02,18:05:09,-07:00,2025-05-02T18:05:09-07:00,8,56
projects\projects.js,69,js,e30ed6d3,alkane7,2025-05-02,18:05:09,-07:00,2025-05-02T18:05:09-07:00,6,6
projects\projects.js,70,js,e30ed6d3,alkane7,2025-05-02,18:05:09,-07:00,2025-05-02T18:05:09-07:00,8,45
projects\projects.js,71,js,e30ed6d3,alkane7,2025-05-02,18:05:09,-07:00,2025-05-02T18:05:09-07:00,8,75
projects\projects.js,72,js,e30ed6d3,alkane7,2025-05-02,18:05:09,-07:00,2025-05-02T18:05:09-07:00,8,54
projects\projects.js,73,js,e30ed6d3,alkane7,2025-05-02,18:05:09,-07:00,2025-05-02T18:05:09-07:00,6,0
projects\projects.js,74,js,e30ed6d3,alkane7,2025-05-02,18:05:09,-07:00,2025-05-02T18:05:09-07:00,5,1
projects\projects.js,75,js,e30ed6d3,alkane7,2025-05-02,18:05:09,-07:00,2025-05-02T18:05:09-07:00,5,0
projects\projects.js,76,js,e30ed6d3,alkane7,2025-05-02,18:05:09,-07:00,2025-05-02T18:05:09-07:00,0,0
projects\projects.js,77,js,e30ed6d3,alkane7,2025-05-02,18:05:09,-07:00,2025-05-02T18:05:09-07:00,1,0
projects\projects.js,78,js,e30ed6d3,alkane7,2025-05-02,18:05:09,-07:00,2025-05-02T18:05:09-07:00,2,24
projects\projects.js,79,js,e30ed6d3,alkane7,2025-05-02,18:05:09,-07:00,2025-05-02T18:05:09-07:00,3,4
projects\projects.js,80,js,e30ed6d3,alkane7,2025-05-02,18:05:09,-07:00,2025-05-02T18:05:09-07:00,4,11
projects\projects.js,81,js,e30ed6d3,alkane7,2025-05-02,18:05:09,-07:00,2025-05-02T18:05:09-07:00,4,38
projects\projects.js,82,js,e30ed6d3,alkane7,2025-05-02,18:05:09,-07:00,2025-05-02T18:05:09-07:00,4,70
projects\projects.js,83,js,e30ed6d3,alkane7,2025-05-02,18:05:09,-07:00,2025-05-02T18:05:09-07:00,4,69
projects\projects.js,84,js,e30ed6d3,alkane7,2025-05-02,18:05:09,-07:00,2025-05-02T18:05:09-07:00,2,1
projects\projects.js,85,js,e30ed6d3,alkane7,2025-05-02,18:05:09,-07:00,2025-05-02T18:05:09-07:00,1,0
projects\projects.js,86,js,e30ed6d3,alkane7,2025-05-02,18:05:09,-07:00,2025-05-02T18:05:09-07:00,0,0
projects\projects.js,87,js,e30ed6d3,alkane7,2025-05-02,18:05:09,-07:00,2025-05-02T18:05:09-07:00,0,0
projects\projects.js,88,js,e30ed6d3,alkane7,2025-05-02,18:05:09,-07:00,2025-05-02T18:05:09-07:00,0,23
projects\projects.js,89,js,e30ed6d3,alkane7,2025-05-02,18:05:09,-07:00,2025-05-02T18:05:09-07:00,0,30
projects\projects.js,90,js,e30ed6d3,alkane7,2025-05-02,18:05:09,-07:00,2025-05-02T18:05:09-07:00,0,0
projects\projects.js,91,js,e30ed6d3,alkane7,2025-05-02,18:05:09,-07:00,2025-05-02T18:05:09-07:00,0,46
projects\projects.js,92,js,e30ed6d3,alkane7,2025-05-02,18:05:09,-07:00,2025-05-02T18:05:09-07:00,1,39
projects\projects.js,93,js,e30ed6d3,alkane7,2025-05-02,18:05:09,-07:00,2025-05-02T18:05:09-07:00,0,0
projects\projects.js,94,js,e30ed6d3,alkane7,2025-05-02,18:05:09,-07:00,2025-05-02T18:05:09-07:00,1,45
projects\projects.js,95,js,e30ed6d3,alkane7,2025-05-02,18:05:09,-07:00,2025-05-02T18:05:09-07:00,2,61
projects\projects.js,96,js,e30ed6d3,alkane7,2025-05-02,18:05:09,-07:00,2025-05-02T18:05:09-07:00,2,28
projects\projects.js,97,js,e30ed6d3,alkane7,2025-05-02,18:05:09,-07:00,2025-05-02T18:05:09-07:00,1,1
projects\projects.js,98,js,e30ed6d3,alkane7,2025-05-02,18:05:09,-07:00,2025-05-02T18:05:09-07:00,0,0
projects\projects.js,99,js,e30ed6d3,alkane7,2025-05-02,18:05:09,-07:00,2025-05-02T18:05:09-07:00,0,0
projects\projects.js,100,js,e30ed6d3,alkane7,2025-05-02,18:05:09,-07:00,2025-05-02T18:05:09-07:00,1,17
projects\projects.js,101,js,e30ed6d3,alkane7,2025-05-02,18:05:09,-07:00,2025-05-02T18:05:09-07:00,2,26
projects\projects.js,102,js,e30ed6d3,alkane7,2025-05-02,18:05:09,-07:00,2025-05-02T18:05:09-07:00,1,6
projects\projects.js,103,js,e30ed6d3,alkane7,2025-05-02,18:05:09,-07:00,2025-05-02T18:05:09-07:00,2,45
projects\projects.js,104,js,e30ed6d3,alkane7,2025-05-02,18:05:09,-07:00,2025-05-02T18:05:09-07:00,3,61
projects\projects.js,105,js,e30ed6d3,alkane7,2025-05-02,18:05:09,-07:00,2025-05-02T18:05:09-07:00,3,28
projects\projects.js,106,js,e30ed6d3,alkane7,2025-05-02,18:05:09,-07:00,2025-05-02T18:05:09-07:00,2,1
projects\projects.js,107,js,e30ed6d3,alkane7,2025-05-02,18:05:09,-07:00,2025-05-02T18:05:09-07:00,1,0
projects\projects.js,108,js,e30ed6d3,alkane7,2025-05-02,18:05:09,-07:00,2025-05-02T18:05:09-07:00,0,0
projects\projects.js,109,js,e30ed6d3,alkane7,2025-05-02,18:05:09,-07:00,2025-05-02T18:05:09-07:00,0,0
projects\projects.js,110,js,e30ed6d3,alkane7,2025-05-02,18:05:09,-07:00,2025-05-02T18:05:09-07:00,1,25
projects\projects.js,111,js,e30ed6d3,alkane7,2025-05-02,18:05:09,-07:00,2025-05-02T18:05:09-07:00,2,56
projects\projects.js,112,js,e30ed6d3,alkane7,2025-05-02,18:05:09,-07:00,2025-05-02T18:05:09-07:00,1,6
projects\projects.js,113,js,e30ed6d3,alkane7,2025-05-02,18:05:09,-07:00,2025-05-02T18:05:09-07:00,2,45
projects\projects.js,114,js,e30ed6d3,alkane7,2025-05-02,18:05:09,-07:00,2025-05-02T18:05:09-07:00,2,75
projects\projects.js,115,js,e30ed6d3,alkane7,2025-05-02,18:05:09,-07:00,2025-05-02T18:05:09-07:00,2,54
projects\projects.js,116,js,e30ed6d3,alkane7,2025-05-02,18:05:09,-07:00,2025-05-02T18:05:09-07:00,1,0
projects\projects.js,117,js,e30ed6d3,alkane7,2025-05-02,18:05:09,-07:00,2025-05-02T18:05:09-07:00,0,0
projects\projects.js,118,js,e30ed6d3,alkane7,2025-05-02,18:05:09,-07:00,2025-05-02T18:05:09-07:00,1,31
projects\projects.js,119,js,e30ed6d3,alkane7,2025-05-02,18:05:09,-07:00,2025-05-02T18:05:09-07:00,0,1
projects\projects.js,120,js,e30ed6d3,alkane7,2025-05-02,18:05:09,-07:00,2025-05-02T18:05:09-07:00,0,0
projects\projects.js,121,js,e30ed6d3,alkane7,2025-05-02,18:05:09,-07:00,2025-05-02T18:05:09-07:00,0,0
projects\projects.js,122,js,e30ed6d3,alkane7,2025-05-02,18:05:09,-07:00,2025-05-02T18:05:09-07:00,0,49
projects\projects.js,123,js,e30ed6d3,alkane7,2025-05-02,18:05:09,-07:00,2025-05-02T18:05:09-07:00,0,44
projects\projects.js,124,js,e30ed6d3,alkane7,2025-05-02,18:05:09,-07:00,2025-05-02T18:05:09-07:00,0,0
projects\projects.js,125,js,e30ed6d3,alkane7,2025-05-02,18:05:09,-07:00,2025-05-02T18:05:09-07:00,0,56
projects\projects.js,126,js,e30ed6d3,alkane7,2025-05-02,18:05:09,-07:00,2025-05-02T18:05:09-07:00,0,68
projects\projects.js,127,js,e30ed6d3,alkane7,2025-05-02,18:05:09,-07:00,2025-05-02T18:05:09-07:00,0,35
projects\projects.js,128,js,e30ed6d3,alkane7,2025-05-02,18:05:09,-07:00,2025-05-02T18:05:09-07:00,0,6
projects\projects.js,129,js,e30ed6d3,alkane7,2025-05-02,18:05:09,-07:00,2025-05-02T18:05:09-07:00,0,0
projects\projects.js,130,js,e30ed6d3,alkane7,2025-05-02,18:05:09,-07:00,2025-05-02T18:05:09-07:00,0,0
projects\projects.js,131,js,e30ed6d3,alkane7,2025-05-02,18:05:09,-07:00,2025-05-02T18:05:09-07:00,0,61
projects\projects.js,132,js,e30ed6d3,alkane7,2025-05-02,18:05:09,-07:00,2025-05-02T18:05:09-07:00,0,0
projects\projects.js,133,js,e30ed6d3,alkane7,2025-05-02,18:05:09,-07:00,2025-05-02T18:05:09-07:00,0,0
projects\projects.js,134,js,e30ed6d3,alkane7,2025-05-02,18:05:09,-07:00,2025-05-02T18:05:09-07:00,0,39
projects\projects.js,135,js,e30ed6d3,alkane7,2025-05-02,18:05:09,-07:00,2025-05-02T18:05:09-07:00,0,30
projects\projects.js,136,js,e30ed6d3,alkane7,2025-05-02,18:05:09,-07:00,2025-05-02T18:05:09-07:00,0,11
projects\projects.js,137,js,e30ed6d3,alkane7,2025-05-02,18:05:09,-07:00,2025-05-02T18:05:09-07:00,0,38
projects\projects.js,138,js,e30ed6d3,alkane7,2025-05-02,18:05:09,-07:00,2025-05-02T18:05:09-07:00,0,4
projects\projects.js,139,js,e30ed6d3,alkane7,2025-05-02,18:05:09,-07:00,2025-05-02T18:05:09-07:00,0,4
projects\projects.js,140,js,1cc6b98a,alkane7,2025-04-24,16:00:34,-07:00,2025-04-24T16:00:34-07:00,0,0
projects\index.html,1,html,31d1be56,alkane7,2025-04-03,14:34:14,-07:00,2025-04-03T14:34:14-07:00,0,13
projects\index.html,2,html,31d1be56,alkane7,2025-04-03,14:34:14,-07:00,2025-04-03T14:34:14-07:00,0,14
projects\index.html,3,html,31d1be56,alkane7,2025-04-03,14:34:14,-07:00,2025-04-03T14:34:14-07:00,0,4
projects\index.html,4,html,31d1be56,alkane7,2025-04-03,14:34:14,-07:00,2025-04-03T14:34:14-07:00,2,20
projects\index.html,5,html,31d1be56,alkane7,2025-04-03,14:34:14,-07:00,2025-04-03T14:34:14-07:00,2,68
projects\index.html,6,html,31d1be56,alkane7,2025-04-03,14:34:14,-07:00,2025-04-03T14:34:14-07:00,2,21
projects\index.html,7,html,10d4ce3e,alkane7,2025-04-03,15:15:35,-07:00,2025-04-03T15:15:35-07:00,2,41
projects\index.html,8,html,1cc6b98a,alkane7,2025-04-24,16:00:34,-07:00,2025-04-24T16:00:34-07:00,2,48
projects\index.html,9,html,1cc6b98a,alkane7,2025-04-24,16:00:34,-07:00,2025-04-24T16:00:34-07:00,2,47
projects\index.html,10,html,31d1be56,alkane7,2025-04-03,14:34:14,-07:00,2025-04-03T14:34:14-07:00,0,5
projects\index.html,11,html,31d1be56,alkane7,2025-04-03,14:34:14,-07:00,2025-04-03T14:34:14-07:00,0,4
projects\index.html,12,html,1cc6b98a,alkane7,2025-04-24,16:00:34,-07:00,2025-04-24T16:00:34-07:00,2,30
projects\index.html,13,html,e30ed6d3,alkane7,2025-05-02,18:05:09,-07:00,2025-05-02T18:05:09-07:00,2,21
projects\index.html,14,html,e30ed6d3,alkane7,2025-05-02,18:05:09,-07:00,2025-05-02T18:05:09-07:00,4,54
projects\index.html,15,html,e30ed6d3,alkane7,2025-05-02,18:05:09,-07:00,2025-05-02T18:05:09-07:00,4,22
projects\index.html,16,html,e30ed6d3,alkane7,2025-05-02,18:05:09,-07:00,2025-05-02T18:05:09-07:00,2,4
projects\index.html,17,html,e30ed6d3,alkane7,2025-05-02,18:05:09,-07:00,2025-05-02T18:05:09-07:00,2,4
projects\index.html,18,html,e30ed6d3,alkane7,2025-05-02,18:05:09,-07:00,2025-05-02T18:05:09-07:00,4,15
projects\index.html,19,html,e30ed6d3,alkane7,2025-05-02,18:05:09,-07:00,2025-05-02T18:05:09-07:00,4,11
projects\index.html,20,html,e30ed6d3,alkane7,2025-05-02,18:05:09,-07:00,2025-05-02T18:05:09-07:00,4,26
projects\index.html,21,html,e30ed6d3,alkane7,2025-05-02,18:05:09,-07:00,2025-05-02T18:05:09-07:00,4,31
projects\index.html,22,html,e30ed6d3,alkane7,2025-05-02,18:05:09,-07:00,2025-05-02T18:05:09-07:00,2,0
projects\index.html,23,html,2a0b7217,alkane7,2025-04-09,14:42:55,-07:00,2025-04-09T14:42:55-07:00,2,20
projects\index.html,24,html,2a0b7217,alkane7,2025-04-09,14:42:55,-07:00,2025-04-09T14:42:55-07:00,2,4
projects\index.html,25,html,31d1be56,alkane7,2025-04-03,14:34:14,-07:00,2025-04-03T14:34:14-07:00,0,5
projects\index.html,26,html,31d1be56,alkane7,2025-04-03,14:34:14,-07:00,2025-04-03T14:34:14-07:00,0,5
cv\index.html,1,html,22876ca0,alkane7,2025-04-03,15:25:55,-07:00,2025-04-03T15:25:55-07:00,0,13
cv\index.html,2,html,22876ca0,alkane7,2025-04-03,15:25:55,-07:00,2025-04-03T15:25:55-07:00,0,14
cv\index.html,3,html,22876ca0,alkane7,2025-04-03,15:25:55,-07:00,2025-04-03T15:25:55-07:00,0,4
cv\index.html,4,html,22876ca0,alkane7,2025-04-03,15:25:55,-07:00,2025-04-03T15:25:55-07:00,1,20
cv\index.html,5,html,22876ca0,alkane7,2025-04-03,15:25:55,-07:00,2025-04-03T15:25:55-07:00,1,28
cv\index.html,6,html,717630fe,alkane7,2025-04-16,21:04:59,-07:00,2025-04-16T21:04:59-07:00,1,41
cv\index.html,7,html,717630fe,alkane7,2025-04-16,21:04:59,-07:00,2025-04-16T21:04:59-07:00,1,48
cv\index.html,8,html,22876ca0,alkane7,2025-04-03,15:25:55,-07:00,2025-04-03T15:25:55-07:00,0,5
cv\index.html,9,html,22876ca0,alkane7,2025-04-03,15:25:55,-07:00,2025-04-03T15:25:55-07:00,0,4
cv\index.html,10,html,717630fe,alkane7,2025-04-16,21:04:59,-07:00,2025-04-16T21:04:59-07:00,2,8
cv\index.html,11,html,22876ca0,alkane7,2025-04-03,15:25:55,-07:00,2025-04-03T15:25:55-07:00,4,30
cv\index.html,12,html,22876ca0,alkane7,2025-04-03,15:25:55,-07:00,2025-04-03T15:25:55-07:00,4,43
cv\index.html,13,html,22876ca0,alkane7,2025-04-03,15:25:55,-07:00,2025-04-03T15:25:55-07:00,4,41
cv\index.html,14,html,22876ca0,alkane7,2025-04-03,15:25:55,-07:00,2025-04-03T15:25:55-07:00,4,62
cv\index.html,15,html,717630fe,alkane7,2025-04-16,21:04:59,-07:00,2025-04-16T21:04:59-07:00,4,25
cv\index.html,16,html,717630fe,alkane7,2025-04-16,21:04:59,-07:00,2025-04-16T21:04:59-07:00,2,9
cv\index.html,17,html,22876ca0,alkane7,2025-04-03,15:25:55,-07:00,2025-04-03T15:25:55-07:00,2,9
cv\index.html,18,html,22876ca0,alkane7,2025-04-03,15:25:55,-07:00,2025-04-03T15:25:55-07:00,0,0
cv\index.html,19,html,2a0b7217,alkane7,2025-04-09,14:42:55,-07:00,2025-04-09T14:42:55-07:00,2,21
cv\index.html,20,html,2a0b7217,alkane7,2025-04-09,14:42:55,-07:00,2025-04-09T14:42:55-07:00,4,21
cv\index.html,21,html,2a0b7217,alkane7,2025-04-09,14:42:55,-07:00,2025-04-09T14:42:55-07:00,6,59
cv\index.html,22,html,2a0b7217,alkane7,2025-04-09,14:42:55,-07:00,2025-04-09T14:42:55-07:00,6,17
cv\index.html,23,html,2a0b7217,alkane7,2025-04-09,14:42:55,-07:00,2025-04-09T14:42:55-07:00,4,6
cv\index.html,24,html,2a0b7217,alkane7,2025-04-09,14:42:55,-07:00,2025-04-09T14:42:55-07:00,2,0
cv\index.html,25,html,2a0b7217,alkane7,2025-04-09,14:42:55,-07:00,2025-04-09T14:42:55-07:00,4,20
cv\index.html,26,html,2a0b7217,alkane7,2025-04-09,14:42:55,-07:00,2025-04-09T14:42:55-07:00,6,7
cv\index.html,27,html,2a0b7217,alkane7,2025-04-09,14:42:55,-07:00,2025-04-09T14:42:55-07:00,8,16
cv\index.html,28,html,2a0b7217,alkane7,2025-04-09,14:42:55,-07:00,2025-04-09T14:42:55-07:00,8,2
cv\index.html,29,html,2a0b7217,alkane7,2025-04-09,14:42:55,-07:00,2025-04-09T14:42:55-07:00,8,2
cv\index.html,30,html,2a0b7217,alkane7,2025-04-09,14:42:55,-07:00,2025-04-09T14:42:55-07:00,10,7
cv\index.html,31,html,2a0b7217,alkane7,2025-04-09,14:42:55,-07:00,2025-04-09T14:42:55-07:00,10,6
cv\index.html,32,html,2a0b7217,alkane7,2025-04-09,14:42:55,-07:00,2025-04-09T14:42:55-07:00,12,52
cv\index.html,33,html,2a0b7217,alkane7,2025-04-09,14:42:55,-07:00,2025-04-09T14:42:55-07:00,12,22
cv\index.html,34,html,2a0b7217,alkane7,2025-04-09,14:42:55,-07:00,2025-04-09T14:42:55-07:00,10,7
cv\index.html,35,html,2a0b7217,alkane7,2025-04-09,14:42:55,-07:00,2025-04-09T14:42:55-07:00,10,44
cv\index.html,36,html,2a0b7217,alkane7,2025-04-09,14:42:55,-07:00,2025-04-09T14:42:55-07:00,10,8
cv\index.html,37,html,2a0b7217,alkane7,2025-04-09,14:42:55,-07:00,2025-04-09T14:42:55-07:00,8,3
cv\index.html,38,html,2a0b7217,alkane7,2025-04-09,14:42:55,-07:00,2025-04-09T14:42:55-07:00,8,3
cv\index.html,39,html,2a0b7217,alkane7,2025-04-09,14:42:55,-07:00,2025-04-09T14:42:55-07:00,6,8
cv\index.html,40,html,2a0b7217,alkane7,2025-04-09,14:42:55,-07:00,2025-04-09T14:42:55-07:00,2,0
cv\index.html,41,html,2a0b7217,alkane7,2025-04-09,14:42:55,-07:00,2025-04-09T14:42:55-07:00,6,7
cv\index.html,42,html,2a0b7217,alkane7,2025-04-09,14:42:55,-07:00,2025-04-09T14:42:55-07:00,8,38
cv\index.html,43,html,2a0b7217,alkane7,2025-04-09,14:42:55,-07:00,2025-04-09T14:42:55-07:00,8,15
cv\index.html,44,html,2a0b7217,alkane7,2025-04-09,14:42:55,-07:00,2025-04-09T14:42:55-07:00,8,6
cv\index.html,45,html,2a0b7217,alkane7,2025-04-09,14:42:55,-07:00,2025-04-09T14:42:55-07:00,10,45
cv\index.html,46,html,2a0b7217,alkane7,2025-04-09,14:42:55,-07:00,2025-04-09T14:42:55-07:00,8,18
cv\index.html,47,html,2a0b7217,alkane7,2025-04-09,14:42:55,-07:00,2025-04-09T14:42:55-07:00,8,0
cv\index.html,48,html,2a0b7217,alkane7,2025-04-09,14:42:55,-07:00,2025-04-09T14:42:55-07:00,6,8
cv\index.html,49,html,22876ca0,alkane7,2025-04-03,15:25:55,-07:00,2025-04-03T15:25:55-07:00,0,0
cv\index.html,50,html,2a0b7217,alkane7,2025-04-09,14:42:55,-07:00,2025-04-09T14:42:55-07:00,6,7
cv\index.html,51,html,2a0b7217,alkane7,2025-04-09,14:42:55,-07:00,2025-04-09T14:42:55-07:00,8,26
cv\index.html,52,html,2a0b7217,alkane7,2025-04-09,14:42:55,-07:00,2025-04-09T14:42:55-07:00,8,15
cv\index.html,53,html,2a0b7217,alkane7,2025-04-09,14:42:55,-07:00,2025-04-09T14:42:55-07:00,8,6
cv\index.html,54,html,2a0b7217,alkane7,2025-04-09,14:42:55,-07:00,2025-04-09T14:42:55-07:00,10,49
cv\index.html,55,html,2a0b7217,alkane7,2025-04-09,14:42:55,-07:00,2025-04-09T14:42:55-07:00,10,30
cv\index.html,56,html,2a0b7217,alkane7,2025-04-09,14:42:55,-07:00,2025-04-09T14:42:55-07:00,8,7
cv\index.html,57,html,2a0b7217,alkane7,2025-04-09,14:42:55,-07:00,2025-04-09T14:42:55-07:00,8,49
cv\index.html,58,html,2a0b7217,alkane7,2025-04-09,14:42:55,-07:00,2025-04-09T14:42:55-07:00,8,18
cv\index.html,59,html,2a0b7217,alkane7,2025-04-09,14:42:55,-07:00,2025-04-09T14:42:55-07:00,8,0
cv\index.html,60,html,2a0b7217,alkane7,2025-04-09,14:42:55,-07:00,2025-04-09T14:42:55-07:00,6,8
cv\index.html,61,html,22876ca0,alkane7,2025-04-03,15:25:55,-07:00,2025-04-03T15:25:55-07:00,0,0
cv\index.html,62,html,2a0b7217,alkane7,2025-04-09,14:42:55,-07:00,2025-04-09T14:42:55-07:00,6,7
cv\index.html,63,html,2a0b7217,alkane7,2025-04-09,14:42:55,-07:00,2025-04-09T14:42:55-07:00,8,17
cv\index.html,64,html,2a0b7217,alkane7,2025-04-09,14:42:55,-07:00,2025-04-09T14:42:55-07:00,8,15
cv\index.html,65,html,2a0b7217,alkane7,2025-04-09,14:42:55,-07:00,2025-04-09T14:42:55-07:00,8,6
cv\index.html,66,html,2a0b7217,alkane7,2025-04-09,14:42:55,-07:00,2025-04-09T14:42:55-07:00,10,46
cv\index.html,67,html,2a0b7217,alkane7,2025-04-09,14:42:55,-07:00,2025-04-09T14:42:55-07:00,10,30
cv\index.html,68,html,2a0b7217,alkane7,2025-04-09,14:42:55,-07:00,2025-04-09T14:42:55-07:00,8,7
cv\index.html,69,html,2a0b7217,alkane7,2025-04-09,14:42:55,-07:00,2025-04-09T14:42:55-07:00,8,86
cv\index.html,70,html,2a0b7217,alkane7,2025-04-09,14:42:55,-07:00,2025-04-09T14:42:55-07:00,8,18
cv\index.html,71,html,2a0b7217,alkane7,2025-04-09,14:42:55,-07:00,2025-04-09T14:42:55-07:00,8,0
cv\index.html,72,html,2a0b7217,alkane7,2025-04-09,14:42:55,-07:00,2025-04-09T14:42:55-07:00,6,8
cv\index.html,73,html,22876ca0,alkane7,2025-04-03,15:25:55,-07:00,2025-04-03T15:25:55-07:00,0,0
cv\index.html,74,html,2a0b7217,alkane7,2025-04-09,14:42:55,-07:00,2025-04-09T14:42:55-07:00,6,7
cv\index.html,75,html,2a0b7217,alkane7,2025-04-09,14:42:55,-07:00,2025-04-09T14:42:55-07:00,8,29
cv\index.html,76,html,2a0b7217,alkane7,2025-04-09,14:42:55,-07:00,2025-04-09T14:42:55-07:00,8,13
cv\index.html,77,html,2a0b7217,alkane7,2025-04-09,14:42:55,-07:00,2025-04-09T14:42:55-07:00,8,2
cv\index.html,78,html,2a0b7217,alkane7,2025-04-09,14:42:55,-07:00,2025-04-09T14:42:55-07:00,8,22
cv\index.html,79,html,2a0b7217,alkane7,2025-04-09,14:42:55,-07:00,2025-04-09T14:42:55-07:00,8,28
cv\index.html,80,html,2a0b7217,alkane7,2025-04-09,14:42:55,-07:00,2025-04-09T14:42:55-07:00,8,3
cv\index.html,81,html,2a0b7217,alkane7,2025-04-09,14:42:55,-07:00,2025-04-09T14:42:55-07:00,6,8
cv\index.html,82,html,2a0b7217,alkane7,2025-04-09,14:42:55,-07:00,2025-04-09T14:42:55-07:00,4,5
cv\index.html,83,html,2a0b7217,alkane7,2025-04-09,14:42:55,-07:00,2025-04-09T14:42:55-07:00,2,4
cv\index.html,84,html,22876ca0,alkane7,2025-04-03,15:25:55,-07:00,2025-04-03T15:25:55-07:00,0,5
cv\index.html,85,html,22876ca0,alkane7,2025-04-03,15:25:55,-07:00,2025-04-03T15:25:55-07:00,0,5
contact\index.html,1,html,31d1be56,alkane7,2025-04-03,14:34:14,-07:00,2025-04-03T14:34:14-07:00,0,13
contact\index.html,2,html,31d1be56,alkane7,2025-04-03,14:34:14,-07:00,2025-04-03T14:34:14-07:00,0,14
contact\index.html,3,html,31d1be56,alkane7,2025-04-03,14:34:14,-07:00,2025-04-03T14:34:14-07:00,0,4
contact\index.html,4,html,31d1be56,alkane7,2025-04-03,14:34:14,-07:00,2025-04-03T14:34:14-07:00,2,20
contact\index.html,5,html,31d1be56,alkane7,2025-04-03,14:34:14,-07:00,2025-04-03T14:34:14-07:00,2,68
contact\index.html,6,html,31d1be56,alkane7,2025-04-03,14:34:14,-07:00,2025-04-03T14:34:14-07:00,2,20
contact\index.html,7,html,10d4ce3e,alkane7,2025-04-03,15:15:35,-07:00,2025-04-03T15:15:35-07:00,2,41
contact\index.html,8,html,717630fe,alkane7,2025-04-16,21:04:59,-07:00,2025-04-16T21:04:59-07:00,2,48
contact\index.html,9,html,31d1be56,alkane7,2025-04-03,14:34:14,-07:00,2025-04-03T14:34:14-07:00,0,5
contact\index.html,10,html,31d1be56,alkane7,2025-04-03,14:34:14,-07:00,2025-04-03T14:34:14-07:00,0,4
contact\index.html,11,html,717630fe,alkane7,2025-04-16,21:04:59,-07:00,2025-04-16T21:04:59-07:00,2,8
contact\index.html,12,html,d6f5580c,alkane7,2025-04-03,14:54:22,-07:00,2025-04-03T14:54:22-07:00,4,30
contact\index.html,13,html,d6f5580c,alkane7,2025-04-03,14:54:22,-07:00,2025-04-03T14:54:22-07:00,4,43
contact\index.html,14,html,717630fe,alkane7,2025-04-16,21:04:59,-07:00,2025-04-16T21:04:59-07:00,4,31
contact\index.html,15,html,31d1be56,alkane7,2025-04-03,14:34:14,-07:00,2025-04-03T14:34:14-07:00,4,62
contact\index.html,16,html,22876ca0,alkane7,2025-04-03,15:25:55,-07:00,2025-04-03T15:25:55-07:00,4,31
contact\index.html,17,html,717630fe,alkane7,2025-04-16,21:04:59,-07:00,2025-04-16T21:04:59-07:00,2,9
contact\index.html,18,html,fa5bb2cb,alkane7,2025-04-03,15:01:32,-07:00,2025-04-03T15:01:32-07:00,2,14
contact\index.html,19,html,ec2a10d2,alkane7,2025-04-18,19:54:45,-07:00,2025-04-18T19:54:45-07:00,2,4
contact\index.html,20,html,ec2a10d2,alkane7,2025-04-18,19:54:45,-07:00,2025-04-18T19:54:45-07:00,4,10
contact\index.html,21,html,2a0b7217,alkane7,2025-04-09,14:42:55,-07:00,2025-04-09T14:42:55-07:00,5,4
contact\index.html,22,html,2a0b7217,alkane7,2025-04-09,14:42:55,-07:00,2025-04-09T14:42:55-07:00,5,42
contact\index.html,23,html,ec2a10d2,alkane7,2025-04-18,19:54:45,-07:00,2025-04-18T19:54:45-07:00,4,10
contact\index.html,24,html,2a0b7217,alkane7,2025-04-09,14:42:55,-07:00,2025-04-09T14:42:55-07:00,4,5
contact\index.html,25,html,2a0b7217,alkane7,2025-04-09,14:42:55,-07:00,2025-04-09T14:42:55-07:00,5,6
contact\index.html,26,html,2a0b7217,alkane7,2025-04-09,14:42:55,-07:00,2025-04-09T14:42:55-07:00,5,45
contact\index.html,27,html,2a0b7217,alkane7,2025-04-09,14:42:55,-07:00,2025-04-09T14:42:55-07:00,4,6
contact\index.html,28,html,2a0b7217,alkane7,2025-04-09,14:42:55,-07:00,2025-04-09T14:42:55-07:00,4,5
contact\index.html,29,html,2a0b7217,alkane7,2025-04-09,14:42:55,-07:00,2025-04-09T14:42:55-07:00,5,6
contact\index.html,30,html,2a0b7217,alkane7,2025-04-09,14:42:55,-07:00,2025-04-09T14:42:55-07:00,5,44
contact\index.html,31,html,2a0b7217,alkane7,2025-04-09,14:42:55,-07:00,2025-04-09T14:42:55-07:00,4,6
contact\index.html,32,html,2a0b7217,alkane7,2025-04-09,14:42:55,-07:00,2025-04-09T14:42:55-07:00,4,33
contact\index.html,33,html,ec2a10d2,alkane7,2025-04-18,19:54:45,-07:00,2025-04-18T19:54:45-07:00,2,5
contact\index.html,34,html,45f8fdad,alkane7,2025-04-03,14:39:56,-07:00,2025-04-03T14:39:56-07:00,3,0
contact\index.html,35,html,45f8fdad,alkane7,2025-04-03,14:39:56,-07:00,2025-04-03T14:39:56-07:00,3,0
contact\index.html,36,html,31d1be56,alkane7,2025-04-03,14:34:14,-07:00,2025-04-03T14:34:14-07:00,0,5
contact\index.html,37,html,e7086a15,alkane7,2025-04-04,21:24:16,-07:00,2025-04-04T21:24:16-07:00,0,5
